time,raised,shares
04:57.8,"$31,962 ",
06:34.1,"$32,704 ",
07:53.7,"$33,663 ",
09:26.6,"$34,436 ",
10:50.2,"$35,671 ",
12:17.5,"$35,966 ",
13:56.2,"$37,511 ",
15:36.6,"$40,011 ",
17:24.6,"$40,747 ",
18:58.1,"$41,827 ",
20:23.0,"$44,307 ",
22:07.5,"$45,237 ",
23:33.2,"$46,008 ",
25:09.9,"$47,619 ",
26:50.5,"$48,469 ",
28:13.7,"$48,820 ",
29:34.7,"$49,481 ",
31:09.1,"$50,283 ",
32:42.3,"$50,983 ",
34:03.0,"$51,623 ",
35:47.6,"$52,294 ",
37:34.0,"$53,216 ",
39:12.2,"$54,892 ",
40:51.0,"$55,252 ",
42:15.6,"$56,032 ",
44:00.6,"$56,842 ",
45:42.0,"$57,865 ",
47:13.6,"$58,218 ",
49:04.2,"$58,783 ",
50:44.6,"$59,508 ",
52:16.4,"$60,153 ",
53:53.2,"$60,283 ",
55:11.7,"$60,563 ",
57:00.4,"$61,343 ",
58:28.6,"$61,736 ",
00:00.7,"$62,258 ",
01:41.1,"$63,316 ",
03:23.4,"$63,875 ",
04:58.5,"$64,381 ",
06:44.8,"$65,066 ",
08:23.4,"$65,346 ",
09:55.2,"$65,871 ",
11:36.3,"$67,352 ",
13:06.4,"$70,233 ",
14:55.1,"$81,138 ",
16:19.7,"$91,857 ",
17:46.1,"$98,235 ",
19:09.6,"$98,731 ",
20:55.3,"$99,844 ",
22:16.3,"$100,034",
23:47.5,"$101,494",
25:14.7,"$102,009",
27:03.6,"$102,754",
28:48.0,"$103,109",
30:27.6,"$103,834",
31:55.7,"$104,109",
33:22.5,"$104,244",
34:43.7,"$104,659",
36:16.3,"$104,954",
37:54.2,"$105,884",
39:44.7,"$106,424",
41:22.5,"$107,269",
43:02.9,"$107,829",
44:50.1,"$108,164",
46:29.4,"$108,684",
48:07.8,"$109,084",
49:39.8,"$109,539",
51:12.9,"$110,054",
52:56.1,"$111,055",
54:24.5,"$111,844",
56:07.0,"$112,724",
57:47.4,"$113,275",
59:12.8,"$114,155",
00:41.7,"$114,375",
02:12.0,"$114,858",
03:33.2,"$115,155",
05:11.5,"$115,859",
06:36.0,"$116,044",
08:19.6,"$116,449",
09:49.3,"$116,804",
11:20.6,"$117,003",
13:00.5,"$117,208",
14:23.5,"$117,690",
15:44.6,"$118,500",
17:18.4,"$118,830",
18:50.3,"$119,320",
20:40.7,"$119,930",
22:12.8,"$120,265",
23:44.6,"$120,650",
25:27.7,"$121,769",
27:11.3,"$122,400",
28:54.7,"$123,130",
30:45.6,"$123,435",
32:08.0,"$123,588",
33:51.8,"$124,018",
35:24.9,"$124,668",
45:06.6,"$128,633","7,081 "
46:49.0,"$128,968","7,114 "
48:35.5,"$129,697","7,143 "
50:20.9,"$130,137","7,176 "
52:02.7,"$130,623","7,211 "
53:30.5,"$130,963","7,242 "
55:10.0,"$131,199","7,258 "
56:34.8,"$131,699","7,272 "
57:58.5,"$131,729","7,287 "
59:43.2,"$133,243","7,314 "
01:21.8,"$133,623","7,348 "
02:51.4,"$133,924","7,370 "
04:30.8,"$134,454","7,388 "
06:03.0,"$134,734","7,400 "
07:32.6,"$134,869","7,422 "
08:59.8,"$135,099","7,440 "
10:35.0,"$135,219","7,458 "
12:19.3,"$135,741","7,485 "
15:20.5,"$136,026","7,528 "
17:07.3,"$136,446","7,557 "
18:39.6,"$136,637","7,576 "
20:17.2,"$137,054","7,602 "
21:36.7,"$137,444","7,626 "
23:03.8,"$137,624","7,644 "
24:36.8,"$137,827","7,662 "
26:10.2,"$138,218","7,674 "
27:36.6,"$138,529","7,689 "
30:17.3,"$139,042","7,734 "
31:57.6,"$139,253","7,755 "
33:28.8,"$139,403","7,770 "
35:15.2,"$139,643","7,799 "
36:39.6,"$139,803","7,810 "
38:22.5,"$139,928","7,828 "
40:05.3,"$140,135","7,847 "
41:34.5,"$140,539","7,874 "
43:02.1,"$140,679","7,890 "
44:37.0,"$140,724","7,912 "
46:00.6,"$140,964","7,934 "
47:44.7,"$141,144","7,957 "
49:12.0,"$141,364","7,973 "
50:35.6,"$141,824","7,996 "
52:03.3,"$142,075","8,012 "
53:40.3,"$142,362","8,031 "
55:02.9,"$142,732","8,044 "
56:39.2,"$143,083","8,061 "
58:25.3,"$144,333","8,078 "
00:04.0,"$144,603","8,096 "
01:32.3,"$144,733","8,110 "
03:01.7,"$145,073","8,127 "
04:39.6,"$145,269","8,141 "
06:23.2,"$145,489","8,152 "
07:49.4,"$146,529","8,173 "
09:39.7,"$146,769","8,188 "
11:37.4,"$147,094","8,211 "
13:10.2,"$147,354","8,230 "
14:55.0,"$147,454","8,237 "
16:44.8,"$147,575","8,257 "
18:35.4,"$147,725","8,286 "
20:16.7,"$149,290","8,299 "
21:39.2,"$149,595","8,312 "
23:04.2,"$149,958","8,334 "
24:49.9,"$150,333","8,367 "
26:31.3,"$150,633","8,392 "
28:08.8,"$151,003","8,411 "
29:59.4,"$151,268","8,435 "
31:39.2,"$151,368","8,454 "
33:13.8,"$151,553","8,475 "
35:03.7,"$152,329","8,490 "
36:53.4,"$152,714","8,507 "
38:40.6,"$153,218","8,533 "
40:30.2,"$153,428","8,555 "
42:20.1,"$153,574","8,578 "
44:03.0,"$153,864","8,595 "
45:53.0,"$154,129","8,618 "
47:36.1,"$154,429","8,635 "
49:26.7,"$154,824","8,660 "
51:06.7,"$155,252","8,688 "
53:02.1,"$155,790","8,703 "
54:44.5,"$156,170","8,722 "
56:34.6,"$156,210","8,743 "
58:21.8,"$156,313","8,757 "
00:00.7,"$156,673","8,767 "
01:46.8,"$156,948","8,781 "
03:37.6,"$157,348","8,796 "
05:10.9,"$157,663","8,809 "
06:50.2,"$157,878","8,832 "
08:36.6,"$158,168","8,843 "
10:28.4,"$158,508","8,865 "
11:59.4,"$158,668","8,880 "
13:48.7,"$159,188","8,896 "
15:28.3,"$159,343","8,912 "
17:01.9,"$159,533","8,940 "
18:41.4,"$159,628","8,954 "
20:02.3,"$159,738","8,971 "
21:27.4,"$159,903","8,993 "
23:13.9,"$160,006","9,007 "
24:47.1,"$160,164","9,026 "
26:39.4,"$160,234","9,047 "
28:28.8,"$160,424","9,066 "
30:18.6,"$160,504","9,087 "
31:49.4,"$160,774","9,101 "
33:41.6,"$161,304","9,113 "
35:14.7,"$161,642","9,123 "
36:56.6,"$161,837","9,145 "
38:44.3,"$162,607","9,165 "
40:36.4,"$163,110","9,185 "
42:05.6,"$163,295","9,209 "
44:01.0,"$163,325","9,224 "
45:44.3,"$163,690","9,224 "
47:17.1,"$164,000","9,265 "
48:49.7,"$164,260","9,281 "
50:22.3,"$164,740","9,292 "
52:03.1,"$165,070","9,314 "
54:12.4,"$165,305","9,330 "
56:20.1,"$165,540","9,352 "
57:53.2,"$165,785","9,372 "
59:48.7,"$166,080","9,397 "
01:31.4,"$166,400","9,417 "
03:04.2,"$166,470","9,429 "
04:32.2,"$166,480","9,446 "
06:00.8,"$166,557","9,459 "
07:33.9,"$166,807","9,468 "
09:14.6,"$166,947","9,486 "
10:56.7,"$167,269","9,508 "
12:51.4,"$167,527","9,526 "
14:39.0,"$167,812","9,546 "
16:29.1,"$167,985","9,561 "
25:39.7,,"9,772 "
37:24.7,"$172,539","9,789 "
39:11.4,"$172,617","9,802 "
40:53.8,"$173,007","9,824 "
42:33.2,"$173,382","9,836 "
44:06.6,"$173,752","9,850 "
45:44.2,"$173,895","9,866 "
47:11.6,"$174,150","9,889 "
49:09.4,"$175,180","9,910 "
50:53.4,"$175,180","9,927 "
52:39.9,"$175,350","9,942 "
54:33.4,"$175,425","9,960 "
56:17.0,"$175,627","9,971 "
57:57.8,"$175,937","9,984 "
59:32.8,"$176,022","9,997 "
00:58.8,"$176,182","10,010"
02:28.3,"$176,272","10,022"
03:58.2,"$176,298","10,040"
05:53.5,"$176,503","10,056"
07:28.0,"$176,723","10,070"
09:01.0,"$177,058","10,094"
10:58.0,"$177,653","10,107"
12:33.2,"$177,733","10,123"
14:24.2,"$177,823","10,138"
16:04.6,"$178,383","10,153"
17:38.6,"$178,509","10,170"
19:26.1,"$178,779","10,187"
21:21.6,"$179,289","10,201"
22:54.0,"$179,669","10,225"
24:53.1,"$179,932","10,241"
26:30.8,"$180,282","10,262"
28:09.7,"$180,447","10,274"
29:47.8,"$180,727","10,289"
31:22.8,"$180,967","10,303"
33:08.9,"$181,434","10,323"
34:55.6,"$181,557","10,339"
36:38.3,"$181,652","10,368"
38:33.7,"$181,730","10,388"
40:26.2,"$181,895","10,409"
42:21.4,"$182,140","10,426"
43:59.0,"$182,505","10,442"
45:42.9,"$182,920","10,458"
47:33.8,"$183,427","10,467"
49:44.0,"$183,777","10,494"
51:15.4,"$184,267","10,511"
52:45.7,"$184,447","10,529"
54:30.0,"$184,727","10,548"
56:17.7,"$184,827","10,575"
58:14.6,"$184,927","10,582"
59:36.0,"$185,172","10,598"
01:11.8,"$185,372","10,610"
02:45.9,"$185,747","10,636"
04:18.7,"$185,877","10,649"
05:53.4,"$186,807","10,672"
07:41.8,"$187,307","10,690"
09:24.3,"$187,603","10,706"
11:06.2,"$187,863","10,720"
12:35.6,"$188,103","10,740"
14:08.0,"$190,408","10,755"
15:35.8,"$190,548","10,769"
17:10.3,"$190,988","10,776"
18:44.3,"$191,468","10,794"
20:28.9,"$191,806","10,811"
22:10.2,"$192,293","10,824"
23:34.6,"$192,503","10,840"
25:10.7,"$192,733","10,854"
26:47.2,"$192,913","10,879"
28:24.2,"$193,488","10,890"
29:50.3,"$193,698","10,902"
31:20.1,"$193,918","10,921"
32:51.4,"$194,598","10,941"
34:23.5,"$194,808","10,958"
35:47.8,"$194,908","10,984"
37:24.0,"$195,188","11,007"
39:15.5,"$195,543","11,021"
40:47.5,"$195,668","11,034"
42:29.9,"$195,780","11,051"
44:20.3,"$195,950","11,061"
45:55.0,"$196,340","11,081"
47:35.7,"$197,620","11,101"
49:19.9,"$198,230","11,118"
50:51.5,"$198,535","11,136"
52:30.4,"$198,785","11,152"
54:14.0,"$199,425","11,173"
55:44.2,"$199,942","11,197"
57:21.4,"$200,362","11,209"
58:54.5,"$200,602","11,227"
00:26.2,"$200,877","11,250"
02:15.4,"$201,617","11,267"
03:49.7,"$201,837","11,289"
05:19.7,"$202,127","11,311"
06:48.4,"$202,287","11,327"
08:17.9,"$202,427","11,346"
10:03.9,"$202,802","11,368"
11:44.5,"$202,862","11,386"
13:39.5,"$203,582","11,399"
15:28.7,"$203,741","11,413"
17:18.6,"$204,991","11,432"
19:08.4,"$205,241","11,446"
20:33.4,"$205,401","11,466"
22:21.1,"$205,891","11,485"
24:13.6,"$206,301","11,511"
25:50.5,"$206,401","11,528"
27:40.1,"$206,736","11,553"
29:29.5,"$207,246","11,579"
31:09.9,"$207,731","11,603"
33:02.8,"$207,851","11,622"
34:47.0,"$208,361","11,651"
36:25.3,"$208,541","11,665"
38:09.4,"$208,696","11,678"
40:10.3,"$209,001","11,696"
42:08.6,"$209,141","11,713"
43:55.4,"$209,391","11,732"
47:12.8,"$209,701","11,764"
49:01.4,"$210,291","11,778"
50:45.4,"$210,781","11,796"
52:18.1,"$211,121","11,815"
53:41.9,"$211,326","11,831"
55:17.8,"$211,656","11,853"
57:05.3,"$212,351","11,868"
58:39.4,"$212,616","11,888"
00:35.6,"$212,886","11,914"
02:23.3,"$213,021","11,933"
04:11.6,"$213,371","11,953"
05:42.3,"$213,916","11,968"
07:22.9,"$214,152","11,989"
09:06.7,"$214,452","12,012"
10:48.6,"$214,782","12,027"
12:25.6,"$214,922","12,042"
14:07.4,"$215,192","12,068"
15:52.2,"$215,965","12,085"
17:26.1,"$216,135","12,103"
19:04.0,"$216,435","12,117"
20:30.8,"$216,596","12,170"
24:44.9,"$217,306","12,435"
28:46.1,,"12,449"
45:34.9,"$221,117","12,460"
47:18.8,"$221,267","12,480"
48:48.7,"$221,407","12,502"
50:46.7,"$221,592","12,533"
52:52.0,"$221,852","12,549"
54:57.9,"$222,092","12,574"
56:40.7,"$222,412","12,600"
58:14.6,"$223,182","12,626"
00:17.7,"$223,307","12,653"
02:22.5,"$223,407","12,671"
04:10.8,"$223,610","12,694"
05:43.5,"$223,880","12,712"
07:47.1,"$224,210","12,726"
09:44.5,"$224,770","12,747"
11:18.3,"$225,149","12,773"
13:18.8,"$225,494","12,791"
15:37.0,"$225,979","12,808"
17:27.4,"$226,519","12,833"
19:04.6,"$226,899","12,850"
21:15.0,"$227,334","12,859"
23:05.8,"$227,774","12,882"
24:54.4,"$228,349","12,901"
26:41.0,"$228,529","12,920"
28:41.0,"$228,744","12,943"
30:38.0,"$229,057","12,967"
32:59.8,"$229,427","12,976"
34:46.5,"$230,159","12,984"
36:30.3,"$230,499","13,005"
38:27.9,"$230,810","13,021"
40:34.2,"$231,104","13,037"
42:22.4,"$231,359","13,063"
44:31.6,"$231,851","13,079"
46:10.3,"$232,471","13,088"
48:20.9,"$232,916","13,108"
50:08.8,"$233,466","13,120"
52:02.5,"$233,496","13,139"
53:48.1,"$233,919","13,149"
55:17.7,"$234,344","13,170"
56:40.0,"$234,444","13,185"
58:27.9,"$235,184","13,202"
59:53.8,"$235,449","13,209"
01:44.4,"$235,639","13,222"
03:11.0,"$235,819","13,234"
04:38.1,"$236,299","13,251"
06:27.5,"$236,469","13,264"
08:08.1,"$236,799","13,281"
09:59.4,"$237,353","13,290"
11:50.5,"$237,678","13,301"
13:26.3,"$237,848","13,322"
14:53.5,"$238,383","13,330"
16:23.5,"$238,683","13,347"
18:05.5,"$238,958","13,362"
19:47.8,"$239,338","13,376"
21:10.8,"$239,358","13,388"
22:52.3,"$239,728","13,397"
24:29.8,"$240,058","13,409"
26:29.2,"$242,758","13,417"
28:16.4,"$242,948","13,431"
29:46.5,"$242,828","13,450"
31:40.0,"$243,337","13,462"
33:26.8,"$243,607","13,469"
35:17.6,"$243,837","13,486"
36:40.0,"$243,997","13,496"
38:25.2,"$244,702","13,509"
39:57.2,"$244,765","13,519"
41:34.5,"$245,105","13,538"
43:23.6,"$245,300","13,565"
46:44.3,"$245,444","13,576"
48:23.5,"$246,304","13,588"
49:49.7,"$246,494","13,598"
51:42.4,"$246,594","13,607"
53:13.8,"$246,774","13,619"
54:57.1,"$248,984","13,628"
56:27.3,"$249,304","13,638"
57:55.8,"$249,604","13,650"
59:39.8,"$249,774","13,660"
01:14.8,"$250,079","13,677"
02:41.6,"$250,159","13,688"
04:21.2,"$250,299","13,700"
05:45.1,"$250,493","13,716"
07:15.6,"$250,543","13,728"
08:58.4,"$250,933","13,741"
10:33.5,"$250,938","13,749"
12:25.5,"$251,124","13,758"
14:02.1,"$251,244","13,765"
15:40.4,"$251,584","13,775"
17:17.7,"$251,844","13,782"
18:41.4,"$252,239","13,791"
20:11.7,"$252,319","13,800"
21:40.5,"$252,524","13,813"
23:23.5,"$252,744","13,816"
25:12.1,"$252,854","13,828"
27:02.5,"$253,059","13,836"
28:35.8,"$253,429","13,843"
29:59.1,"$253,461","13,857"
31:29.9,"$253,592","13,871"
33:05.5,"$253,767","13,881"
34:34.0,"$254,027","13,898"
35:54.3,"$254,107","13,903"
37:42.9,"$254,322","13,916"
39:14.2,"$254,512","13,922"
40:38.5,"$254,820","13,936"
42:01.3,"$254,840","13,949"
43:35.7,"$254,910","13,956"
45:07.2,"$254,930","13,965"
46:47.2,"$255,075","13,970"
48:35.5,"$255,321","13,974"
50:09.2,"$255,541","13,984"
51:49.6,"$255,726","13,993"
53:35.7,"$255,831","13,997"
55:24.6,"$255,861","14,002"
56:47.8,"$256,039","14,011"
58:19.6,"$256,039","14,017"
59:56.3,"$256,039","14,027"
01:41.2,"$256,059","14,029"
03:16.4,"$256,179","14,039"
04:42.9,"$256,329","14,046"
06:33.5,"$256,439","14,053"
08:07.3,"$256,629","14,053"
09:56.9,"$256,699","14,060"
11:19.0,"$256,719","14,066"
12:53.0,"$256,960","14,068"
14:18.3,"$257,040","14,081"
15:50.0,"$257,270","14,086"
17:26.0,"$257,485","14,090"
19:09.2,"$257,625","14,095"
20:35.2,"$257,635","14,105"
21:57.5,"$257,745","14,111"
23:41.4,"$257,865","14,120"
25:20.9,"$257,970","14,127"
26:48.2,"$258,080","14,135"
28:36.4,"$258,250","14,142"
30:04.2,"$258,320","14,146"
31:38.8,"$258,440","14,150"
33:11.8,"$258,490","14,157"
34:29.9,"$258,560","14,163"
36:08.2,"$258,602","14,169"
37:29.5,"$258,652","14,171"
38:57.8,"$258,692","14,177"
40:25.3,"$258,792","14,182"
42:04.5,"$258,913","14,189"
43:39.3,"$258,918","14,193"
45:07.3,"$259,088","14,196"
46:54.1,"$259,158","14,202"
48:12.8,"$259,548","14,208"
49:55.2,"$259,668","14,215"
51:36.8,"$259,704","14,219"
52:55.1,"$259,744","14,225"
54:33.0,"$259,800","14,230"
56:18.9,"$259,800","14,234"
57:50.1,"$259,800","14,242"
59:14.1,"$260,004","14,247"
00:55.0,"$260,059","14,254"
02:25.6,"$260,119","14,262"
04:13.5,"$260,119","14,263"
05:49.1,"$260,229","14,266"
07:17.1,"$260,325","14,271"
08:54.3,"$260,475","14,279"
10:31.7,"$260,495","14,283"
12:01.3,"$260,675","14,289"
13:43.7,"$260,735","14,295"
15:19.7,"$260,735","14,298"
16:56.0,"$260,765","14,305"
18:29.2,"$260,965","14,311"
20:05.4,"$260,965","14,316"
21:48.8,"$261,015","14,319"
23:34.0,"$261,015","14,321"
25:16.3,"$261,075","14,324"
26:38.9,"$261,095","14,331"
27:57.8,"$261,140","14,334"
29:44.4,"$261,365","14,341"
31:24.2,"$261,465","14,344"
32:56.9,"$261,515","14,348"
34:47.4,"$261,605","14,354"
36:07.8,"$261,605","14,359"
37:52.6,"$261,660","14,362"
39:35.9,"$261,660","14,364"
40:58.8,"$261,720","14,367"
42:44.4,"$261,725","14,373"
44:22.8,"$261,775","14,378"
46:05.7,"$261,775","14,383"
47:58.0,"$261,775","14,388"
49:35.1,"$261,775","14,395"
51:04.3,"$261,780","14,398"
52:28.7,"$261,800","14,402"
54:09.8,"$261,870","14,405"
55:43.7,"$261,870","14,411"
57:18.4,"$262,156","14,416"
59:05.1,"$262,156","14,416"
00:31.4,"$262,156","14,423"
02:11.5,"$262,216","14,425"
04:03.4,"$262,337","14,433"
07:06.0,"$262,337","14,435"
08:43.4,"$262,357","14,438"
10:20.6,"$262,357","14,441"
12:10.7,"$262,377","14,444"
13:47.5,"$262,377","14,449"
15:15.8,"$262,397","14,453"
17:04.9,"$262,467","14,457"
18:22.9,"$262,467","14,463"
20:11.3,"$262,467","14,466"
21:58.5,"$262,537","14,471"
23:40.2,"$262,596","14,472"
25:14.2,"$262,596","14,475"
26:40.4,"$262,646","14,478"
28:20.6,"$262,646","14,482"
30:07.3,"$262,666","14,485"
31:54.7,"$262,666","14,492"
33:41.0,"$262,666","14,497"
35:18.7,"$262,711","14,500"
36:48.0,"$262,723","14,504"
38:31.2,"$262,723","14,507"
40:02.8,"$262,773","14,510"
41:30.0,"$262,804","14,515"
42:59.8,"$262,804","14,520"
44:24.5,"$262,828","14,523"
46:01.4,"$262,928","14,526"
47:27.6,"$262,928","14,527"
48:56.7,"$262,928","14,532"
50:30.8,"$262,928","14,533"
52:15.1,"$262,928","14,537"
53:41.2,"$262,928","14,542"
55:13.3,"$262,928","14,546"
56:53.0,"$262,933","14,550"
58:42.4,"$263,003","14,554"
00:13.9,"$263,053","14,559"
02:01.1,"$263,053","14,561"
03:26.6,"$263,053","14,566"
04:59.2,"$263,058","14,569"
06:34.1,"$263,108","14,574"
08:07.6,"$263,148","14,577"
09:41.0,"$263,168","14,578"
11:23.6,"$263,168","14,581"
13:08.6,"$263,188","14,586"
14:52.7,"$263,208","14,588"
16:30.3,"$263,208","14,590"
18:19.3,"$263,228","14,595"
19:39.3,"$263,528","14,600"
21:25.8,"$263,548","14,604"
22:56.2,"$263,548","14,607"
24:30.4,"$263,548","14,613"
25:51.6,"$263,548","14,619"
27:24.5,"$263,560","14,626"
28:42.8,"$263,565","14,628"
30:21.2,"$263,575","14,630"
31:44.4,"$263,580","14,635"
33:07.8,"$263,633","14,639"
34:47.2,"$263,653","14,643"
36:27.1,"$263,723","14,643"
38:06.6,"$263,723","14,647"
39:42.1,"$263,723","14,652"
41:31.5,"$263,723","14,656"
43:13.9,"$263,723","14,660"
44:58.5,"$263,743","14,665"
46:32.6,"$263,743","14,669"
48:06.7,"$263,843","14,673"
49:40.9,"$263,893","14,675"
51:13.5,"$263,893","14,678"
52:39.0,"$263,893","14,678"
54:05.7,"$263,893","14,683"
55:37.9,"$263,913","14,684"
57:11.0,"$264,556","14,687"
58:44.5,"$264,561","14,692"
00:19.8,"$264,561","14,698"
01:50.9,"$264,591","14,705"
03:16.5,"$264,611","14,712"
04:51.9,"$264,611","14,714"
06:30.4,"$264,631","14,718"
07:56.3,"$264,731","14,726"
09:33.8,"$264,801","14,730"
11:20.5,"$264,841","14,734"
12:50.4,"$264,841","14,736"
14:26.0,"$264,841","14,744"
16:13.4,"$264,861","14,747"
17:50.0,"$264,866","14,749"
19:38.7,"$264,937","14,753"
21:09.1,"$264,957","14,757"
22:40.3,"$264,984","14,763"
24:26.0,"$265,084","14,768"
25:45.5,"$265,184","14,771"
27:11.7,"$265,234","14,776"
28:49.7,"$265,334","14,780"
30:27.2,"$265,334","14,785"
31:51.3,"$265,354","14,794"
33:25.0,"$265,554","14,799"
35:07.6,"$265,584","14,805"
36:48.2,"$265,610","14,808"
38:27.5,"$265,610","14,818"
39:51.5,"$265,620","14,823"
41:33.3,"$265,620","14,830"
42:55.7,"$265,620","14,836"
44:22.7,"$265,720","14,847"
45:57.8,"$265,720","14,853"
47:46.3,"$265,820","14,854"
49:22.8,"$265,820","14,862"
50:57.5,"$265,840","14,871"
52:44.2,"$265,960","14,878"
54:27.9,"$266,069","14,885"
55:48.4,"$266,119","14,895"
57:28.7,"$266,159","14,900"
59:07.2,"$266,204","14,908"
00:56.2,"$266,384","14,915"
02:46.3,"$266,709","14,926"
04:34.2,"$266,709","14,930"
06:19.7,"$266,829","14,937"
08:06.1,"$266,849","14,939"
09:50.0,"$266,869","14,940"
11:19.1,"$266,869","14,943"
12:49.2,"$266,869","14,948"
14:36.5,"$267,029","14,952"
16:22.9,"$267,182","14,954"
17:54.9,"$267,232","14,955"
19:14.5,"$267,332","14,959"
20:37.5,"$267,352","14,965"
22:02.1,"$267,572","14,970"
23:26.7,"$267,666","14,979"
24:45.4,"$267,666","14,982"
26:18.0,"$267,686","14,988"
27:36.7,"$267,696","14,992"
29:10.2,"$267,716","14,995"
30:52.0,"$267,778","15,000"
32:28.7,"$267,840","15,003"
33:53.5,"$267,880","15,006"
35:34.7,"$268,030","15,011"
37:11.8,"$268,030","15,019"
39:02.8,"$268,100","15,025"
40:37.6,"$268,115","15,031"
42:27.2,"$268,375","15,034"
44:00.9,"$268,585","15,034"
45:21.4,"$268,585","15,038"
46:40.2,"$268,585","15,041"
48:08.4,"$268,585","15,043"
49:45.9,"$268,605","15,047"
51:27.8,"$268,675","15,052"
52:56.1,"$268,745","15,067"
54:19.7,"$268,755","15,072"
56:06.2,"$268,755","15,075"
57:49.5,"$268,825","15,081"
59:19.9,"$268,985","15,086"
01:01.3,"$269,075","15,094"
02:28.4,"$269,185","15,102"
04:17.8,"$269,340","15,110"
06:07.6,"$269,500","15,114"
07:56.0,"$269,500","15,120"
09:55.5,"$269,890","15,126"
11:20.5,"$269,910","15,140"
12:57.0,"$270,000","15,150"
14:40.7,"$270,110","15,164"
16:28.5,"$270,290","15,167"
22:40.7,"$270,365","15,170"
24:08.7,"$270,370","15,177"
25:33.5,"$270,420","15,186"
27:14.8,"$270,420","15,191"
28:47.7,"$270,440","15,198"
30:38.2,"$270,610","15,201"
32:16.3,"$270,950","15,208"
33:44.4,"$271,020","15,214"
35:34.6,"$271,020","15,222"
37:30.2,"$271,070","15,230"
39:08.2,"$271,190","15,236"
40:51.6,"$271,190","15,242"
42:20.4,"$271,310","15,250"
44:12.6,"$271,395","15,255"
45:44.1,"$271,565","15,263"
47:25.4,"$271,585","15,268"
49:05.3,"$271,675","15,275"
50:38.0,"$271,745","15,281"
52:09.2,"$271,815","15,291"
54:01.9,"$271,815","15,295"
55:50.4,"$272,045","15,304"
57:16.3,"$272,065","15,309"
59:09.5,"$272,135","15,317"
00:49.2,"$272,205","15,322"
02:21.5,"$272,255","15,332"
03:50.5,"$272,320","15,338"
05:50.8,"$272,370","15,340"
07:44.5,"$272,414","15,344"
09:12.8,"$272,464","15,348"
10:59.8,"$272,514","15,354"
12:40.9,"$272,604","15,361"
14:30.2,"$272,624","15,369"
16:06.1,"$272,724","15,376"
17:53.5,"$272,874","15,384"
19:43.9,"$272,984","15,394"
21:20.6,"$273,054","15,405"
22:58.0,"$273,124","15,413"
24:50.8,"$273,204","15,416"
26:14.7,"$273,204","15,419"
27:55.6,"$273,274","15,429"
29:22.4,"$273,374","15,433"
31:13.8,"$273,774","15,440"
32:55.4,"$273,824","15,447"
34:33.3,"$274,064","15,455"
36:18.6,"$274,064","15,463"
37:48.5,"$274,234","15,466"
39:27.7,"$274,354","15,468"
40:58.7,"$274,504","15,474"
42:22.9,"$274,534","15,487"
43:55.0,"$274,674","15,489"
45:35.5,"$274,824","15,493"
47:12.9,"$274,924","15,495"
48:46.2,"$274,964","15,501"
50:30.9,"$275,094","15,502"
52:13.9,"$275,114","15,509"
53:50.1,"$275,214","15,519"
55:36.8,"$275,439","15,528"
57:21.8,"$275,594","15,539"
59:05.0,"$275,719","15,546"
00:46.4,"$275,944","15,550"
02:12.7,"$276,054","15,557"
03:49.9,"$276,074","15,563"
05:23.5,"$276,194","15,571"
07:14.7,"$276,334","15,583"
08:59.4,"$276,909","15,596"
10:39.4,"$277,019","15,600"
12:03.9,"$277,089","15,605"
13:32.3,"$277,429","15,608"
15:18.6,"$277,529","15,615"
16:51.0,"$277,679","15,619"
18:20.8,"$277,754","15,628"
19:41.2,"$277,824","15,632"
21:27.5,"$280,354","15,637"
22:48.5,"$280,534","15,641"
24:39.6,"$280,624","15,646"
26:25.3,"$280,706","15,660"
27:50.7,"$280,746","15,668"
29:23.8,"$280,906","15,669"
30:58.8,"$280,916","15,674"
32:44.6,"$281,097","15,681"
34:15.3,"$281,152","15,690"
35:56.9,"$281,202","15,696"
37:37.0,"$281,252","15,705"
39:06.7,"$281,342","15,714"
40:43.4,"$281,682","15,721"
42:06.3,"$281,892","15,722"
43:34.5,"$282,012","15,726"
45:13.0,"$282,352","15,732"
47:00.8,"$282,400","15,742"
48:45.4,"$282,540","15,747"
50:27.5,"$282,894","15,751"
51:55.9,"$283,169","15,756"
53:26.0,"$283,189","15,764"
54:46.4,"$283,279","15,766"
56:26.3,"$283,279","15,779"
58:05.1,"$283,304","15,789"
59:35.6,"$283,344","15,794"
01:11.0,"$283,384","15,799"
02:31.0,"$283,464","15,804"
04:10.5,"$283,614","15,813"
05:44.6,"$283,614","15,818"
07:31.5,"$284,274","15,828"
09:02.1,"$284,614","15,834"
10:52.1,"$284,634","15,839"
12:42.0,"$284,824","15,841"
14:18.9,"$284,829","15,846"
16:07.6,"$284,879","15,852"
17:58.3,"$285,149","15,860"
19:44.2,"$285,309","15,867"
21:35.1,"$285,449","15,872"
23:14.7,"$285,529","15,876"
25:02.2,"$285,689","15,884"
26:30.3,"$285,735","15,891"
28:03.2,"$285,975","15,900"
29:27.8,"$286,380","15,902"
31:10.2,"$287,040","15,908"
32:48.6,"$287,120","15,912"
34:23.2,"$287,120","15,914"
36:14.8,"$287,330","15,922"
37:43.4,"$287,380","15,921"
39:25.7,"$287,400","15,927"
41:15.8,"$287,470","15,935"
42:39.2,"$287,570","15,940"
44:07.6,"$287,619","15,945"
45:47.9,"$288,524","15,951"
47:16.5,"$288,584","15,959"
49:03.3,"$288,690","15,963"
50:53.8,"$288,970","15,967"
52:29.8,"$289,250","15,973"
54:12.1,"$289,435","15,974"
55:39.9,"$289,780","15,981"
57:06.9,"$289,970","15,983"
58:41.6,"$290,090","15,987"
00:08.7,"$290,530","15,988"
01:40.8,"$290,875","16,001"
03:02.1,"$290,895","16,005"
04:48.7,"$291,065","16,016"
06:31.9,"$291,485","16,016"
08:13.9,"$291,620","16,018"
09:47.4,"$291,790","16,021"
11:11.9,"$291,900","16,027"
12:50.6,"$292,140","16,034"
14:28.8,"$292,140","16,035"
15:56.5,"$292,370","16,038"
17:19.3,"$292,540","16,044"
18:50.2,"$292,710","16,046"
20:37.7,"$292,855","16,048"
22:12.5,"$292,935","16,050"
23:43.1,"$293,045","16,050"
25:12.8,"$293,105","16,052"
26:33.3,"$293,125","16,057"
28:02.8,"$293,125","16,062"
29:49.3,"$293,275","16,070"
31:18.6,"$293,525","16,072"
32:50.1,"$293,665","16,076"
34:24.9,"$293,755","16,079"
35:59.7,"$293,801","16,086"
37:53.1,"$294,051","16,089"
39:41.7,"$294,251","16,092"
41:15.6,"$294,271","16,091"
42:42.7,"$294,351","16,095"
44:17.2,"$294,371","16,098"
46:07.9,"$294,476","16,100"
47:38.5,"$294,601","16,101"
49:28.9,"$294,651","16,106"
51:22.9,"$294,731","16,108"
52:59.0,"$295,131","16,112"
54:46.6,"$295,186","16,129"
00:29.8,"$295,256","16,132"
02:23.8,"$295,696","16,137"
04:01.9,"$295,776","16,147"
05:32.4,"$296,016","16,150"
07:14.9,"$296,236","16,152"
08:40.7,"$296,286","16,158"
10:30.9,"$296,391","16,166"
12:17.0,"$296,591","16,169"
14:14.8,"$296,917","16,174"
15:52.1,"$297,297","16,182"
17:39.0,"$297,377","16,186"
19:19.7,"$297,487","16,192"
21:08.4,"$297,532","16,195"
22:59.9,"$297,552","16,198"
24:49.1,"$297,807","16,199"
26:36.6,"$297,907","16,204"
28:10.9,"$297,907","16,205"
30:04.0,"$298,096","16,208"
31:30.5,"$298,106","16,212"
33:04.2,"$298,141","16,214"
34:36.3,"$298,246","16,221"
36:25.7,"$298,266","16,222"
38:04.6,"$298,286","16,227"
39:41.5,"$298,346","16,227"
41:33.7,"$298,941","16,230"
43:07.7,"$299,061","16,233"
44:36.9,"$299,099","16,236"
46:28.2,"$299,219","16,239"
48:03.3,"$299,349","16,244"
49:55.0,"$299,498","16,250"
51:22.8,"$299,603","16,252"
53:09.5,"$299,728","16,255"
55:04.3,"$300,288","16,260"
56:55.5,"$300,468","16,266"
58:47.4,"$300,493","16,275"
00:32.1,"$301,163","16,275"
01:57.1,"$301,308","16,276"
03:23.7,"$301,688","16,280"
05:07.0,"$301,778","16,286"
06:32.0,"$301,908","16,287"
08:22.8,"$302,053","16,287"
09:49.4,"$302,073","16,294"
11:12.5,"$302,123","16,296"
13:01.2,"$302,153","16,297"
14:33.6,"$302,253","16,302"
15:59.7,"$302,308","16,303"
17:51.5,"$302,308","16,307"
19:36.9,"$302,308","16,309"
21:33.0,"$302,423","16,312"
23:03.5,"$302,433","16,317"
24:38.3,"$302,478","16,320"
26:37.6,"$302,683","16,323"
28:10.4,"$302,703","16,328"
29:57.7,"$302,858","16,331"
31:24.8,"$302,963","16,332"
32:50.9,"$302,983","16,332"
34:23.6,"$303,043","16,334"
35:58.6,"$303,243","16,340"
37:32.3,"$303,344","16,342"
39:22.3,"$304,379","16,344"
40:55.5,"$304,379","16,348"
42:34.0,"$304,674","16,352"
44:20.7,"$304,674","16,352"
46:12.7,"$304,694","16,352"
47:48.2,"$304,794","16,356"
49:47.0,"$304,894","16,357"
51:21.4,"$305,081","16,359"
53:14.3,"$305,551","16,361"
54:43.5,"$305,617","16,364"
56:12.5,"$305,657","16,369"
57:34.9,"$305,837","16,370"
58:57.2,"$305,874","16,372"
00:20.4,"$305,924","16,374"
01:59.3,"$305,924","16,380"
03:49.5,"$305,924","16,386"
05:28.5,"$306,025","16,391"
07:05.1,"$306,135","16,393"
08:43.8,"$306,135","16,393"
10:05.6,"$306,287","16,396"
11:47.3,"$306,537","16,398"
13:24.4,"$306,687","16,399"
14:56.8,"$306,712","16,402"
16:41.8,"$307,317","16,404"
18:28.6,"$307,480","16,409"
20:21.9,"$307,530","16,413"
22:08.7,"$307,590","16,415"
24:03.2,"$307,730","16,417"
25:40.6,"$307,938","16,418"
27:15.0,"$307,938","16,419"
28:56.6,"$308,198","16,419"
30:34.3,"$308,198","16,421"
32:12.2,"$308,208","16,425"
33:42.4,"$308,353","16,429"
35:11.9,"$308,353","16,429"
36:43.6,"$308,603","16,433"
38:24.6,"$308,633","16,438"
40:12.3,"$308,683","16,440"
41:57.4,"$308,753","16,443"
43:46.5,"$308,933","16,448"
45:17.0,"$309,143","16,453"
47:13.2,"$309,273","16,456"
49:06.2,"$309,443","16,460"
51:05.7,"$309,483","16,567"
52:54.9,"$309,483","16,569"
03:19.3,"$314,583","16,570"
04:59.3,"$314,583","16,571"
06:54.6,"$314,583","16,574"
08:38.0,"$314,583","16,576"
10:31.3,"$314,713","16,578"
12:10.9,"$314,743","16,580"
13:46.3,"$315,003","16,584"
15:29.2,"$315,003","16,586"
17:08.9,"$315,023","16,589"
18:50.8,"$315,143","16,592"
20:40.9,"$315,193","16,594"
22:22.8,"$315,253","16,594"
23:58.6,"$315,463","16,599"
25:41.1,"$315,463","16,601"
27:28.7,"$315,548","16,600"
29:07.4,"$315,548","16,604"
31:04.3,"$315,568","16,608"
32:34.8,"$315,688","16,610"
34:21.9,"$316,328","16,613"
35:55.2,"$316,348","16,613"
37:36.7,"$316,398","16,615"
39:16.0,"$316,418","16,617"
41:10.2,"$316,513","16,619"
42:54.4,"$316,613","16,619"
44:21.6,"$316,638","16,619"
46:11.3,"$316,744","16,620"
47:58.1,"$316,799","16,621"
49:29.2,"$316,859","16,625"
51:13.9,"$316,882","16,628"
53:04.8,"$317,172","16,632"
54:29.7,"$317,192","16,637"
55:58.0,"$317,382","16,642"
57:30.5,"$317,452","16,643"
59:09.8,"$317,452","16,645"
00:41.5,"$317,612","16,645"
02:20.5,"$317,682","16,648"
03:55.9,"$317,812","16,649"
05:40.1,"$317,912","16,651"
07:10.8,"$318,132","16,655"
08:40.9,"$318,172","16,700"
15:41.8,"$318,342","16,701"
21:52.5,,"16,705"
32:51.0,"$320,197","16,709"
34:29.3,"$320,297","16,710"
35:52.0,"$320,347","16,711"
37:20.8,"$320,367","16,713"
38:52.8,"$320,447","16,716"
40:33.6,"$320,617","16,718"
41:57.6,"$320,617","16,721"
43:21.9,"$320,757","16,721"
44:47.3,"$320,887","16,725"
46:14.5,"$320,887","16,730"
47:55.8,"$320,887","16,733"
49:17.6,"$320,957","16,739"
50:54.8,"$321,047","16,742"
52:42.8,"$321,167","16,748"
54:08.5,"$321,287","16,751"
55:56.8,"$321,307","16,752"
57:22.3,"$321,389","16,753"
59:10.9,"$321,529","16,757"
00:41.9,"$321,749","16,758"
02:25.8,"$321,839","16,762"
04:11.4,"$321,909","16,764"
05:46.5,"$321,969","16,766"
07:31.9,"$322,029","16,767"
09:08.5,"$322,129","16,769"
10:32.3,"$322,199","16,770"
12:17.5,"$322,250","16,774"
13:52.2,"$322,250","16,778"
15:13.9,"$322,250","16,781"
16:59.0,"$322,290","16,782"
18:25.8,"$322,315","16,781"
19:49.8,"$322,335","16,787"
21:26.8,"$322,355","16,788"
22:47.7,"$322,475","16,792"
24:18.5,"$322,515","16,794"
25:58.0,"$322,695","16,796"
27:28.5,"$322,695","16,800"
29:15.5,"$322,931","16,801"
30:51.2,"$322,960","16,803"
32:31.6,"$323,135","16,806"
33:51.7,"$323,160","16,810"
35:23.1,"$323,330","16,814"
37:08.0,"$323,330","16,815"
38:48.0,"$323,330","16,815"
40:11.2,"$323,430","16,817"
41:54.1,"$323,750","16,818"
43:22.2,"$323,820","16,818"
45:06.1,"$323,870","16,822"
46:34.0,"$324,074","16,825"
47:58.9,"$324,144","16,826"
49:29.6,"$324,319","16,829"
50:50.3,"$324,829","16,832"
52:32.8,"$324,929","16,832"
54:23.4,"$324,969","16,836"
55:54.5,"$325,262","16,842"
57:33.7,"$325,332","16,846"
58:58.0,"$325,852","16,848"
00:43.6,"$325,917","16,851"
02:05.5,"$326,017","16,856"
03:48.7,"$326,107","16,864"
05:11.2,"$326,107","16,866"
11:10.5,"$326,147","16,868"
13:01.3,"$326,317","16,872"
14:24.5,"$326,317","16,874"
15:58.5,"$328,857","16,875"
17:34.0,"$328,857","16,877"
19:15.2,"$328,867","16,880"
20:41.2,"$328,867","16,884"
22:27.3,"$328,877","16,888"
24:15.7,"$328,895","16,890"
26:04.2,"$328,965","16,890"
27:28.4,"$328,974","16,893"
29:10.9,"$329,127","16,896"
30:39.3,"$329,522","16,900"
32:14.9,"$329,567","16,903"
33:53.2,"$329,607","16,910"
35:18.3,"$329,627","16,912"
36:43.9,"$329,737","16,915"
38:28.1,"$329,737","16,917"
39:59.9,"$329,857","16,920"
41:49.3,"$329,857","16,920"
43:29.4,"$330,027","16,921"
45:16.0,"$330,127","16,922"
46:58.6,"$330,167","16,924"
48:33.7,"$330,187","16,925"
50:13.8,"$330,307","16,930"
51:50.1,"$330,347","16,933"
53:17.0,"$330,417","16,939"
54:59.3,"$330,487","16,939"
56:32.8,"$330,717","16,938"
58:22.2,"$330,787","16,937"
59:44.5,"$330,827","16,940"
01:12.7,"$331,217","16,941"
02:32.1,"$331,357","16,943"
04:18.5,"$331,557","16,946"
05:57.6,"$331,877","16,949"
07:42.1,"$336,877","16,952"
09:25.3,"$337,127","16,952"
11:02.3,"$337,167","16,952"
12:38.9,"$337,227","16,955"
14:03.3,"$337,227","16,955"
15:34.3,"$337,277","16,961"
17:12.3,"$337,627","16,963"
18:41.6,"$337,627","16,967"
20:11.2,"$337,772","16,971"
21:59.1,"$337,973","16,973"
23:44.0,"$338,093","16,975"
25:27.2,"$338,113","16,979"
26:50.1,"$338,133","16,982"
28:35.5,"$338,183","16,985"
30:18.7,"$338,188","16,984"
31:50.1,"$338,458","16,988"
33:40.1,"$338,458","16,990"
35:01.6,"$340,568","16,991"
36:29.6,"$340,658","16,993"
37:50.1,"$340,678","16,998"
39:23.2,"$340,698","16,999"
40:53.6,"$340,868","17,002"
42:26.7,"$340,968","17,004"
43:57.7,"$341,068","17,007"
45:37.3,"$341,128","17,010"
47:39.2,"$341,128","17,014"
49:21.9,"$341,248","17,015"
50:53.4,"$341,392","17,016"
52:29.8,"$341,392","17,018"
54:31.9,"$341,892","17,016"
56:20.4,"$341,892","17,018"
57:58.7,"$341,936","17,021"
59:46.7,"$341,976","17,025"
01:40.0,"$342,046","17,027"
03:37.4,"$342,761","17,032"
05:19.7,"$342,886","17,032"
07:04.7,"$342,941","17,034"
08:46.5,"$342,991","17,039"
10:32.7,"$343,001","17,040"
12:25.5,"$343,001","17,042"
14:17.5,"$343,462","17,056"
15:42.4,"$343,712","17,087"
17:19.1,"$343,972","17,091"
29:47.8,"$344,737","17,091"
37:09.8,,"17,092"
47:19.7,"$345,430","17,095"
48:42.9,"$345,500","17,096"
50:16.5,"$345,500","17,098"
52:09.3,"$345,520","17,104"
53:51.8,"$345,530","17,108"
55:28.8,"$345,620","17,111"
57:08.7,"$345,640","17,117"
58:52.7,"$345,790","17,119"
00:47.9,"$345,830","17,123"
02:26.6,"$345,830","17,126"
04:29.4,"$345,880","17,127"
06:27.7,"$345,915","17,127"
08:27.7,"$345,915","17,127"
10:09.5,"$346,015","17,126"
12:03.6,"$346,065","17,129"
13:32.0,"$346,095","17,130"
14:58.0,"$346,095","17,136"
16:36.8,"$346,195","17,137"
18:28.4,"$346,415","17,138"
20:25.5,"$346,535","17,138"
22:05.5,"$346,555","17,141"
23:50.4,"$346,575","17,143"
26:19.5,"$346,625","17,147"
27:51.4,"$346,725","17,147"
29:44.5,"$346,735","17,151"
31:28.3,"$346,785","17,152"
33:21.6,"$346,975","17,153"
35:02.1,"$347,035","17,153"
36:43.8,"$347,115","17,156"
38:31.4,"$347,115","17,158"
39:57.4,"$347,155","17,157"
41:35.9,"$347,155","17,162"
43:18.7,"$347,175","17,162"
45:15.0,"$347,275","17,163"
47:04.7,"$347,435","17,166"
48:47.6,"$347,535","17,168"
50:44.5,"$347,540","17,169"
52:16.5,"$347,600","17,170"
53:47.9,"$347,688","17,170"
55:31.5,"$347,688","17,172"
56:57.8,"$347,788","17,173"
58:36.1,"$347,788","17,173"
00:18.6,"$347,788","17,174"
01:58.3,"$347,888","17,175"
03:44.5,"$347,888","17,177"
05:33.9,"$347,938","17,180"
07:02.8,"$347,958","17,181"
08:38.1,"$347,958","17,181"
10:25.9,"$347,968","17,184"
11:54.4,"$347,968","17,190"
13:40.2,"$348,158","17,191"
15:12.3,"$348,278","17,191"
16:57.6,"$348,678","17,194"
18:56.3,"$348,753","17,196"
20:48.4,"$348,853","17,199"
22:15.8,"$349,003","17,201"
23:52.7,"$349,023","17,203"
25:36.1,"$349,093","17,203"
27:19.7,"$349,213","17,204"
28:46.9,"$349,233","17,206"
30:45.0,"$349,343","17,206"
32:34.6,"$349,443","17,209"
34:17.4,"$349,503","17,210"
35:55.2,"$349,503","17,211"
37:52.3,"$349,503","17,211"
39:46.1,"$349,628","17,212"
41:36.3,"$349,678","17,214"
43:22.0,"$349,688","17,214"
45:06.7,"$349,693","17,217"
47:11.7,"$349,693","17,220"
48:42.8,"$349,793","17,220"
50:11.2,"$349,813","17,220"
51:59.2,"$349,833","17,220"
53:52.8,"$349,853","17,220"
55:27.1,"$349,853","17,220"
57:00.9,"$349,903","17,223"
58:32.2,"$350,003","17,226"
00:29.3,"$350,003","17,226"
01:58.2,"$350,003","17,228"
03:31.3,"$350,353","17,233"
05:00.4,"$350,373","17,233"
06:47.3,"$350,423","17,234"
08:31.6,"$350,543","17,233"
10:15.9,"$350,863","17,236"
12:09.2,"$350,893","17,237"
13:49.6,"$350,943","17,238"
15:33.2,"$350,943","17,238"
17:25.7,"$350,993","17,240"
19:21.1,"$351,063","17,241"
21:05.8,"$351,098","17,242"
22:48.9,"$351,218","17,242"
24:17.4,"$351,468","17,243"
26:09.5,"$351,518","17,243"
27:39.0,"$351,518","17,245"
29:10.6,"$351,518","17,247"
30:50.0,"$351,768","17,248"
32:24.3,"$351,833","17,248"
34:17.0,"$351,833","17,249"
36:15.3,"$351,833","17,250"
38:09.7,"$351,853","17,251"
39:59.8,"$351,903","17,252"
41:25.2,"$351,903","17,254"
43:09.1,"$351,903","17,256"
44:55.6,"$352,003","17,257"
46:27.3,"$352,003","17,258"
48:12.3,"$352,003","17,258"
49:56.5,"$352,103","17,258"
51:50.5,"$352,123","17,258"
53:42.5,"$352,123","17,259"
55:39.4,"$352,143","17,259"
57:19.2,"$352,143","17,259"
59:03.2,"$352,143","17,259"
00:45.2,"$352,393","17,260"
02:19.7,"$352,393","17,260"
04:23.3,"$352,403","17,261"
06:12.6,"$352,503","17,262"
08:07.0,"$352,523","17,265"
09:32.5,"$352,523","17,265"
11:24.5,"$352,543","17,267"
13:15.8,"$352,543","17,269"
15:14.0,"$352,563","17,271"
17:21.8,"$352,583","17,270"
18:49.3,"$352,583","17,269"
20:26.7,"$352,633","17,270"
22:18.1,"$352,683","17,271"
24:19.5,"$352,683","17,271"
26:04.3,"$352,683","17,271"
27:58.4,"$352,953","17,272"
29:58.9,"$352,953","17,274"
31:33.9,"$352,953","17,275"
33:29.2,"$352,953","17,277"
35:08.1,"$353,023","17,277"
36:50.5,"$353,023","17,277"
38:18.2,"$353,023","17,279"
39:58.6,"$353,023","17,282"
41:57.1,"$353,029","17,282"
43:30.8,"$353,029","17,283"
45:07.9,"$353,029","17,285"
47:03.0,"$353,029","17,284"
48:54.1,"$353,049","17,284"
50:19.9,"$353,099","17,285"
52:05.1,"$353,099","17,285"
53:43.5,"$353,119","17,286"
55:07.7,"$353,219","17,287"
56:35.8,"$353,219","17,287"
58:27.6,"$353,269","17,287"
00:09.8,"$353,289","17,289"
01:55.0,"$353,289","17,289"
03:40.7,"$353,289","17,289"
05:12.5,"$353,339","17,289"
06:49.5,"$353,339","17,290"
08:23.5,"$353,349","17,291"
10:14.6,"$353,349","17,291"
11:42.3,"$353,349","17,291"
13:13.8,"$353,354","17,292"
14:44.9,"$353,477","17,292"
16:18.1,"$353,477","17,292"
18:12.6,"$353,477","17,292"
19:50.7,"$353,527","17,292"
21:33.1,"$353,527","17,292"
23:23.3,"$353,527","17,292"
25:17.2,"$353,527","17,293"
27:11.1,"$353,527","17,294"
29:02.1,"$353,527","17,294"
30:35.9,"$353,527","17,298"
32:27.7,"$353,527","17,299"
33:52.5,"$353,627","17,300"
35:41.3,"$353,627","17,300"
37:25.9,"$353,627","17,301"
39:09.0,"$353,627","17,301"
40:54.4,"$353,627","17,301"
42:37.8,"$353,627","17,301"
44:11.3,"$353,627","17,301"
45:41.8,"$353,627","17,300"
47:14.8,"$353,627","17,300"
48:37.8,"$353,677","17,301"
50:22.8,"$353,677","17,303"
51:46.5,"$353,677","17,304"
53:28.8,"$353,697","17,306"
55:08.1,"$353,717","17,307"
56:28.9,"$353,717","17,307"
58:10.1,"$353,717","17,308"
59:40.9,"$353,717","17,307"
01:31.5,"$353,717","17,307"
03:14.2,"$353,737","17,307"
04:49.5,"$353,737","17,307"
06:20.6,"$353,737","17,308"
08:05.6,"$353,737","17,308"
09:44.6,"$353,737","17,308"
11:36.8,"$353,737","17,309"
13:13.8,"$353,737","17,309"
14:46.1,"$353,737","17,310"
16:37.2,"$353,737","17,310"
18:07.3,"$353,737","17,311"
19:28.1,"$353,737","17,311"
21:02.5,"$353,737","17,311"
22:34.6,"$353,737","17,311"
23:57.6,"$353,737","17,314"
25:36.3,"$353,737","17,315"
27:11.0,"$353,737","17,315"
35:08.6,"$353,737","17,316"
36:55.8,"$353,737","17,316"
38:29.4,"$353,737","17,317"
39:59.9,"$353,737","17,317"
41:41.9,"$353,737","17,317"
43:29.5,"$353,737","17,318"
45:18.9,"$353,737","17,319"
47:02.1,"$353,737","17,319"
48:42.6,"$353,737","17,318"
50:26.8,"$353,737","17,319"
52:12.9,"$353,737","17,319"
53:45.9,"$353,737","17,319"
55:08.2,"$353,737","17,321"
56:56.1,"$353,757","17,322"
58:31.0,"$353,757","17,322"
00:15.8,"$353,767","17,322"
01:47.3,"$353,787","17,323"
03:16.8,"$353,787","17,323"
04:52.5,"$353,837","17,325"
06:28.4,"$353,837","17,326"
08:11.0,"$353,857","17,327"
09:50.4,"$353,857","17,327"
11:42.6,"$353,857","17,328"
13:09.3,"$353,857","17,328"
14:33.0,"$353,857","17,329"
15:59.0,"$353,857","17,329"
17:36.4,"$353,857","17,329"
19:03.4,"$353,881","17,330"
20:48.2,"$353,881","17,330"
22:38.3,"$353,881","17,331"
24:23.8,"$353,881","17,333"
25:56.4,"$353,881","17,335"
27:36.3,"$353,881","17,336"
29:02.3,"$353,881","17,336"
30:22.4,"$353,881","17,336"
31:50.4,"$353,881","17,336"
33:35.0,"$353,881","17,336"
35:12.1,"$353,945","17,337"
36:55.0,"$353,955","17,337"
38:30.0,"$353,955","17,337"
40:14.3,"$353,955","17,339"
41:56.3,"$353,955","17,340"
43:35.2,"$353,955","17,340"
45:00.5,"$353,965","17,341"
46:26.8,"$353,965","17,342"
48:07.3,"$353,965","17,343"
49:43.7,"$353,965","17,343"
51:29.5,"$353,985","17,343"
53:04.2,"$353,985","17,343"
54:54.9,"$354,035","17,342"
56:15.5,"$354,035","17,342"
58:00.2,"$354,035","17,344"
59:45.9,"$354,035","17,344"
01:26.6,"$354,035","17,344"
03:13.7,"$354,095","17,344"
04:56.8,"$354,095","17,344"
06:21.1,"$354,095","17,346"
08:07.9,"$354,095","17,348"
09:35.2,"$354,095","17,349"
11:05.1,"$354,095","17,349"
12:46.3,"$354,115","17,349"
14:14.9,"$354,115","17,351"
16:00.7,"$354,115","17,351"
17:38.2,"$354,115","17,353"
19:17.6,"$354,115","17,356"
20:51.1,"$354,115","17,356"
22:23.0,"$354,115","17,357"
24:08.1,"$354,115","17,357"
25:53.5,"$354,115","17,358"
27:32.9,"$354,115","17,359"
29:16.3,"$354,215","17,359"
30:41.2,"$354,215","17,359"
32:10.7,"$354,215","17,360"
33:47.7,"$354,215","17,361"
35:33.7,"$354,215","17,361"
37:21.5,"$354,215","17,362"
38:49.9,"$354,215","17,362"
40:31.6,"$354,265","17,362"
42:04.3,"$354,265","17,362"
43:55.0,"$354,285","17,362"
45:40.2,"$354,285","17,363"
47:30.4,"$354,285","17,366"
49:18.3,"$354,285","17,365"
51:06.0,"$354,285","17,365"
52:42.5,"$354,285","17,365"
54:05.1,"$354,285","17,365"
55:42.1,"$354,285","17,365"
57:09.5,"$354,285","17,365"
58:45.8,"$354,285","17,368"
00:18.3,"$354,285","17,369"
01:46.1,"$354,285","17,369"
03:29.1,"$354,285","17,370"
05:07.4,"$354,285","17,370"
06:46.6,"$354,285","17,372"
08:24.8,"$354,328","17,373"
10:14.0,"$354,428","17,374"
11:35.2,"$354,428","17,375"
13:02.2,"$354,428","17,377"
14:51.0,"$354,428","17,377"
16:40.3,"$354,528","17,377"
18:02.1,"$354,528","17,377"
19:48.5,"$354,528","17,377"
21:11.0,"$354,528","17,377"
22:53.0,"$354,553","17,377"
24:18.1,"$354,623","17,377"
26:02.4,"$354,643","17,379"
27:39.7,"$354,643","17,379"
29:07.2,"$354,643","17,379"
30:37.4,"$354,643","17,379"
32:19.5,"$354,643","17,380"
34:01.8,"$354,663","17,383"
35:33.1,"$354,713","17,383"
36:54.8,"$354,743","17,384"
38:22.8,"$354,953","17,384"
39:50.2,"$354,953","17,384"
41:29.6,"$354,958","17,385"
43:18.8,"$355,068","17,385"
45:00.6,"$355,068","17,386"
46:48.3,"$355,068","17,387"
48:11.5,"$355,228","17,388"
49:50.3,"$355,228","17,390"
51:11.9,"$355,228","17,391"
52:40.1,"$355,228","17,391"
54:30.2,"$355,228","17,394"
56:08.2,"$355,247","17,394"
57:42.4,"$355,297","17,394"
59:11.0,"$355,297","17,395"
00:46.1,"$355,397","17,396"
02:24.4,"$355,397","17,397"
03:53.4,"$355,397","17,398"
05:21.7,"$355,397","17,399"
07:03.9,"$355,397","17,399"
08:45.9,"$355,397","17,399"
10:35.5,"$355,397","17,401"
12:04.0,"$355,397","17,403"
13:53.3,"$355,397","17,403"
15:39.6,"$355,397","17,403"
17:13.4,"$355,417","17,403"
18:38.0,"$355,427","17,404"
20:23.9,"$355,627","17,405"
21:58.1,"$355,727","17,406"
23:23.5,"$355,727","17,406"
24:54.2,"$355,727","17,408"
26:16.6,"$355,727","17,409"
27:45.0,"$355,827","17,409"
29:30.9,"$355,827","17,410"
30:57.0,"$355,927","17,411"
32:25.4,"$355,927","17,412"
34:12.6,"$355,977","17,412"
35:43.5,"$356,027","17,415"
37:20.7,"$356,047","17,416"
38:45.2,"$356,072","17,415"
40:22.7,"$356,072","17,415"
41:55.4,"$356,092","17,415"
43:29.1,"$356,092","17,416"
44:57.1,"$356,092","17,417"
46:27.1,"$356,092","17,418"
47:49.1,"$356,107","17,419"
49:26.6,"$356,127","17,419"
51:01.8,"$356,167","17,419"
52:31.3,"$356,167","17,421"
54:22.3,"$356,167","17,421"
56:09.7,"$356,187","17,423"
57:44.6,"$356,327","17,423"
59:20.2,"$356,452","17,424"
01:04.3,"$356,452","17,425"
02:27.8,"$356,452","17,425"
03:54.9,"$356,522","17,425"
05:47.8,"$356,592","17,424"
07:33.3,"$356,592","17,430"
09:20.6,"$356,592","17,432"
11:30.0,"$356,622","17,434"
15:06.8,"$356,802","17,438"
19:11.1,"$357,222",
21:00.6,"$357,222",
22:37.0,"$357,222",
24:04.7,"$357,292",
53:22.2,"$358,332","17,454 "
54:45.1,"$358,332","17,454 "
56:40.7,"$358,332","17,454 "
58:18.7,"$358,382","17,456 "
59:49.9,"$358,407","17,456 "
01:23.4,"$358,427","17,456 "
03:00.6,"$358,447","17,456 "
04:51.0,"$358,447","17,457 "
06:13.6,"$358,447","17,457 "
08:01.8,"$358,497","17,459 "
09:36.0,"$358,497","17,459 "
11:01.1,"$358,497","17,459 "
12:21.7,"$358,597","17,459 "
13:55.3,"$358,597","17,461 "
15:26.4,"$358,597","17,463 "
17:01.1,"$358,597","17,463 "
18:47.7,"$358,727","17,463 "
20:26.1,"$358,747","17,465 "
21:59.6,"$358,767","17,467 "
23:43.9,"$358,867","17,468 "
25:25.8,"$358,977","17,471 "
26:47.9,"$359,017","17,471 "
28:27.0,"$359,017","17,471 "
29:54.0,"$359,067","17,471 "
31:23.8,"$359,157","17,471 "
33:10.7,"$359,257","17,473 "
34:48.3,"$359,257","17,473 "
36:32.2,"$359,397","17,474 "
38:22.1,"$359,457","17,476 "
40:10.8,"$359,707","17,476 "
41:33.2,"$359,807","17,477 "
43:08.4,"$359,877","17,480 "
44:28.0,"$359,877","17,481 "
46:10.7,"$359,877","17,483 "
47:43.0,"$360,007","17,483 "
49:27.5,"$360,137","17,484 "
50:54.1,"$360,257","17,484 "
52:26.3,"$360,557","17,484 "
54:08.3,"$360,557","17,485 "
55:57.3,"$360,677","17,486 "
57:32.6,"$360,777","17,486 "
59:06.4,"$360,777","17,487 "
00:35.7,"$360,797","17,486 "
02:08.7,"$360,847","17,489 "
03:48.9,"$360,967","17,490 "
05:18.1,"$360,967","17,492 "
12:08.3,,
13:33.9,"$361,532","17,499 "
15:16.7,"$361,532","17,500 "
16:52.6,"$361,582","17,500 "
18:33.2,"$361,582","17,503 "
20:24.5,"$361,602","17,504 "
22:04.4,"$361,692","17,506 "
23:26.9,"$361,692","17,505 "
25:07.8,"$361,812","17,504 "
26:43.6,"$361,837","17,507 "
28:16.2,"$361,847","17,508 "
29:53.1,"$361,847","17,510 "
31:56.3,"$361,897","17,510 "
33:42.6,"$362,017","17,511 "
36:00.4,"$362,117","17,514 "
37:54.3,"$362,117","17,516 "
39:36.5,"$362,207","17,516 "
41:04.3,"$362,327","17,516 "
42:37.6,"$362,337","17,517 "
44:14.2,"$362,337","17,517 "
46:03.4,"$362,432","17,518 "
47:35.4,"$362,432","17,519 "
49:19.9,"$362,502","17,521 "
50:56.2,"$362,502","17,521 "
52:31.4,"$362,502","17,521 "
54:08.0,"$362,502","17,524 "
55:46.7,"$362,502","17,525 "
57:40.7,"$362,502","17,526 "
59:33.5,"$362,512","17,526 "
01:15.7,"$362,562","17,527 "
02:44.9,"$362,562","17,529 "
04:27.6,"$362,567","17,530 "
06:08.7,"$362,777","17,532 "
07:42.6,"$362,777","17,534 "
09:21.4,"$363,777","17,532 "
10:48.6,"$363,777","17,532 "
12:38.9,"$363,817","17,532 "
14:29.8,"$363,967","17,532 "
15:59.4,"$364,217","17,532 "
18:02.6,"$364,217","17,532 "
19:44.2,"$364,367","17,532 "
21:42.7,"$364,367","17,533 "
23:11.8,"$364,367","17,535 "
25:02.8,"$364,487","17,536 "
26:35.6,"$364,537","17,537 "
28:11.8,"$364,657","17,536 "
29:41.1,"$364,677","17,537 "
31:33.3,"$364,747","17,539 "
33:15.1,"$364,797","17,538 "
34:40.9,"$364,822","17,539 "
36:10.5,"$364,922","17,541 "
37:49.4,"$364,942","17,542 "
39:25.4,"$364,942","17,543 "
31:01.3,,
32:48.6,"$365,996","17,585 "
34:35.1,"$366,036","17,585 "
36:19.1,"$366,056","17,584 "
38:13.8,"$366,096","17,584 "
39:59.4,"$366,116","17,585 "
41:20.4,"$366,166","17,588 "
43:01.0,"$366,266","17,588 "
44:26.7,"$366,286","17,588 "
46:02.3,"$366,306","17,590 "
47:49.8,"$366,311","17,593 "
49:16.2,"$366,311","17,596 "
51:00.1,"$366,311","17,598 "
52:47.7,"$366,370","17,599 "
54:41.7,"$366,370","17,600 "
56:28.6,"$366,410","17,603 "
58:14.0,"$366,430","17,604 "
00:05.1,"$366,480","17,609 "
02:04.6,"$366,480","17,610 "
03:58.8,"$366,480","17,612 "
05:53.8,"$366,480","17,612 "
07:34.4,"$366,500","17,616 "
09:27.2,"$366,620","17,621 "
10:58.2,"$366,690","17,621 "
12:46.0,"$366,690","17,622 "
14:30.4,"$366,690","17,623 "
16:04.2,"$366,710","17,624 "
17:55.9,"$366,765","17,627 "
19:26.7,"$366,765","17,629 "
20:56.7,"$366,865","17,631 "
22:50.5,"$366,925","17,632 "
24:30.1,"$366,975","17,632 "
25:54.9,"$367,075","17,634 "
27:41.4,"$367,075","17,635 "
29:24.8,"$367,075","17,634 "
30:45.6,"$367,095","17,634 "
32:18.9,"$367,235","17,636 "
34:01.4,"$367,250","17,639 "
36:02.9,"$367,270","17,641 "
37:33.3,"$367,270","17,643 "
39:02.4,"$367,370","17,646 "
40:27.9,"$367,420","17,646 "
42:14.2,"$367,505","17,649 "
43:59.9,"$367,505","17,650 "
45:31.8,"$367,505","17,652 "
47:05.4,"$367,575","17,652 "
49:05.5,"$367,585","17,654 "
50:44.5,"$367,835","17,656 "
52:09.5,"$367,835","17,656 "
54:09.1,"$367,855","17,657 "
55:40.6,"$367,860","17,659 "
57:30.9,"$367,960","17,658 "
59:30.8,"$367,960","17,660 "
01:15.8,"$367,980","17,660 "
02:44.7,"$367,980","17,659 "
04:23.2,"$367,980","17,659 "
06:19.4,"$368,080","17,660 "
08:11.7,"$368,190","17,660 "
10:03.0,"$368,190","17,659 "
11:53.2,"$368,190","17,660 "
13:48.8,"$368,195","17,662 "
15:17.0,"$368,215","17,663 "
16:56.3,"$368,338","17,663 "
18:44.4,"$368,388","17,664 "
20:15.0,"$368,408","17,666 "
21:59.5,"$368,478","17,670 "
24:00.4,"$368,478","17,672 "
25:48.2,"$368,588","17,676 "
27:15.8,"$368,598","17,676 "
28:45.3,"$368,598","17,675 "
30:20.5,"$368,618","17,676 "
31:44.1,"$368,618","17,678 "
33:19.1,"$368,668","17,678 "
35:05.3,"$368,668","17,679 "
36:46.3,"$368,688","17,681 "
38:11.0,"$368,720","17,683 "
39:59.6,"$368,730","17,683 "
41:40.9,"$368,730","17,685 "
43:10.2,"$368,780","17,685 "
44:33.4,"$368,780","17,686 "
46:23.4,"$368,800","17,687 "
48:08.9,"$368,800","17,687 "
49:45.5,"$368,820","17,687 "
51:34.7,"$368,820","17,689 "
53:16.3,"$368,820","17,689 "
54:44.6,"$368,820","17,691 "
56:19.1,"$368,970","17,692 "
57:49.5,"$369,020","17,693 "
59:41.7,"$369,020","17,694 "
01:11.6,"$369,090","17,695 "
02:55.2,"$369,110","17,695 "
04:18.4,"$369,130","17,695 "
05:47.8,"$369,180","17,695 "
07:13.8,"$369,180","17,695 "
09:00.6,"$369,180","17,697 "
10:33.4,"$369,180","17,698 "
12:06.2,"$369,230","17,698 "
13:47.8,"$369,260","17,698 "
15:22.3,"$369,270","17,698 "
16:50.6,"$369,320","17,699 "
18:28.8,"$369,320","17,699 "
19:54.9,"$369,340","17,699 "
21:31.5,"$369,340","17,701 "
22:57.2,"$369,340","17,702 "
24:43.3,"$369,350","17,703 "
26:27.5,"$369,350","17,705 "
28:05.6,"$369,350","17,705 "
29:35.5,"$369,350","17,705 "
31:01.3,"$369,370","17,705 "
32:35.1,"$369,370","17,705 "
34:06.1,"$369,470","17,705 "
35:57.8,"$369,470","17,705 "
37:32.2,"$369,470","17,705 "
39:21.3,"$369,470","17,705 "
41:04.0,"$369,520","17,706 "
42:39.8,"$369,590","17,709 "
44:25.9,"$369,640","17,711 "
45:55.2,"$369,800","17,713 "
47:31.1,"$369,800","17,714 "
49:22.2,"$369,800","17,714 "
50:57.3,"$369,800","17,714 "
52:23.3,"$369,820","17,714 "
53:50.2,"$369,870","17,716 "
55:17.2,"$369,920","17,716 "
56:56.0,"$369,920","17,717 "
58:32.6,"$369,940","17,719 "
00:05.5,"$369,940","17,719 "
01:47.9,"$369,940","17,719 "
03:14.7,"$369,955","17,719 "
05:17.3,"$369,955","17,719 "
06:48.9,"$369,975","17,720 "
08:21.2,"$369,975","17,722 "
10:01.0,"$370,035","17,722 "
11:35.9,"$370,055","17,722 "
13:29.1,"$370,105","17,722 "
15:08.6,"$370,105","17,722 "
17:02.1,"$370,155","17,723 "
18:31.8,"$370,155","17,724 "
20:00.0,"$370,155","17,724 "
21:28.8,"$370,155","17,724 "
23:21.3,"$370,155","17,725 "
24:59.0,"$370,155","17,725 "
26:28.2,"$370,155","17,725 "
27:53.2,"$370,265","17,725 "
29:44.1,"$370,265","17,728 "
31:34.2,"$370,515","17,729 "
33:13.7,"$370,565","17,731 "
35:07.0,"$370,615","17,731 "
36:45.8,"$370,615","17,730 "
38:31.3,"$370,675","17,729 "
39:57.1,"$370,825","17,729 "
41:54.3,"$370,825","17,730 "
43:43.4,"$370,835","17,732 "
45:23.0,"$370,855","17,732 "
46:48.9,"$370,905","17,732 "
48:14.9,"$371,005","17,732 "
50:00.5,"$371,005","17,735 "
51:40.9,"$371,005","17,734 "
53:16.9,"$371,016","17,734 "
54:45.9,"$371,016","17,735 "
56:16.6,"$371,016","17,735 "
57:46.5,"$371,016","17,735 "
59:14.5,"$371,016","17,735 "
00:46.5,"$371,016","17,735 "
02:31.9,"$371,081","17,735 "
04:25.9,"$371,081","17,737 "
06:09.4,"$371,581","17,738 "
07:53.8,"$371,581","17,739 "
09:38.5,"$371,651","17,742 "
11:23.0,"$371,651","17,741 "
12:48.4,"$371,701","17,743 "
14:27.6,"$371,701","17,743 "
16:24.9,"$371,751","17,746 "
17:56.5,"$371,751","17,747 "
19:24.2,"$371,761","17,747 "
21:13.6,"$371,911","17,746 "
23:00.2,"$371,911","17,746 "
24:43.6,"$371,911","17,745 "
26:11.4,"$371,911","17,745 "
27:56.5,"$371,911","17,747 "
29:30.7,"$371,911","17,749 "
31:02.5,"$371,911","17,749 "
32:32.0,"$371,961","17,750 "
33:56.1,"$372,031","17,750 "
35:25.9,"$372,031","17,751 "
37:13.5,"$372,121","17,751 "
38:51.7,"$372,121","17,752 "
40:22.2,"$372,126","17,752 "
41:45.0,"$372,146","17,754 "
43:33.1,"$372,146","17,754 "
45:28.7,"$372,196","17,756 "
47:24.4,"$372,196","17,753 "
48:49.0,"$372,296","17,753 "
50:34.5,"$372,306","17,753 "
52:30.3,"$372,376","17,753 "
54:01.1,"$372,426","17,753 "
56:41.8,"$372,426","17,754 "
58:37.5,"$372,426","17,753 "
00:17.6,"$372,426","17,752 "
02:05.6,"$372,446","17,753 "
03:43.0,"$372,466","17,754 "
05:13.4,"$372,486","17,755 "
06:51.7,"$372,506","17,756 "
08:31.2,"$372,506","17,757 "
10:17.5,"$372,506","17,757 "
11:42.1,"$372,526","17,758 "
13:37.3,"$372,531","17,758 "
15:33.3,"$372,531","17,759 "
17:38.9,"$372,531","17,761 "
19:21.2,"$372,581","17,760 "
21:01.1,"$372,631","17,760 "
22:41.3,"$372,631","17,760 "
24:18.0,"$372,651","17,760 "
25:54.8,"$372,701","17,763 "
27:36.4,"$372,701","17,764 "
29:22.8,"$372,801","17,767 "
31:11.5,"$372,801","17,771 "
32:49.4,"$372,821","17,775 "
34:18.3,"$372,841","17,780 "
35:54.6,"$372,866","17,784 "
37:26.7,"$372,886","17,785 "
39:15.6,"$372,906","17,785 "
40:53.9,"$372,906","17,786 "
42:35.4,"$372,906","17,786 "
44:04.4,"$373,006","17,786 "
45:34.0,"$373,006","17,787 "
47:16.3,"$373,026","17,786 "
48:48.2,"$373,026","17,786 "
50:44.0,"$373,056","17,787 "
52:10.6,"$373,076","17,789 "
53:34.9,"$373,121","17,790 "
54:58.1,"$373,171","17,791 "
56:22.4,"$373,211","17,792 "
57:48.9,"$373,211","17,794 "
59:24.0,"$373,211","17,794 "
00:53.3,"$373,211","17,794 "
02:39.4,"$373,281","17,795 "
04:04.8,"$373,281","17,795 "
05:32.2,"$373,331","17,795 "
07:13.2,"$373,481","17,795 "
08:47.2,"$373,501","17,795 "
10:27.9,"$373,501","17,795 "
11:51.8,"$373,501","17,797 "
13:39.1,"$373,621","17,798 "
15:30.7,"$373,641","17,798 "
17:00.2,"$373,661","17,798 "
18:29.8,"$373,661","17,797 "
20:09.9,"$373,661","17,798 "
21:32.7,"$373,681","17,798 "
23:18.9,"$373,731","17,797 "
24:39.2,"$373,731","17,798 "
26:21.8,"$373,781","17,798 "
27:43.1,"$373,781","17,798 "
29:25.8,"$373,801","17,799 "
31:09.5,"$373,801","17,799 "
32:49.5,"$373,871","17,800 "
34:11.3,"$373,891","17,800 "
35:41.9,"$373,891","17,802 "
37:35.3,"$373,941","17,802 "
39:03.9,"$374,041","17,802 "
40:28.1,"$374,041","17,802 "
42:19.6,"$374,241","17,803 "
44:03.8,"$374,241","17,803 "
45:43.6,"$374,351","17,803 "
47:34.2,"$374,401","17,804 "
49:23.5,"$374,413","17,804 "
50:43.9,"$374,418","17,804 "
52:14.1,"$374,418","17,808 "
53:40.9,"$374,468","17,809 "
55:18.9,"$374,478","17,809 "
56:56.1,"$374,478","17,809 "
58:34.1,"$374,528","17,809 "
01:02.8,"$374,823","17,808 "
02:45.9,"$374,993","17,810 "
04:37.2,"$374,993","17,810 "
06:26.4,"$374,993","17,810 "
08:14.3,"$375,213","17,810 "
09:49.5,"$375,213","17,811 "
11:40.6,"$375,213","17,811 "
13:10.1,"$375,233","17,811 "
14:47.4,"$375,238","17,811 "
16:07.8,"$375,238","17,812 "
17:55.7,"$375,238","17,813 "
19:26.7,"$375,238","17,813 "
20:54.5,"$375,258","17,813 "
22:42.8,"$375,298","17,814 "
24:09.5,"$375,298","17,814 "
25:32.3,"$375,398","17,815 "
27:18.9,"$375,448","17,817 "
28:58.6,"$375,498","17,817 "
30:33.7,"$375,498","17,818 "
32:21.8,"$375,498","17,817 "
34:05.7,"$375,498","17,818 "
35:37.2,"$375,503","17,818 "
37:17.6,"$375,503","17,818 "
38:47.1,"$375,503","17,817 "
40:28.4,"$375,563","17,819 "
41:48.1,"$375,563","17,820 "
43:29.5,"$375,663","17,821 "
45:20.1,"$375,713","17,823 "
46:43.9,"$375,713","17,823 "
48:29.3,"$375,733","17,824 "
50:07.1,"$375,733","17,824 "
51:40.8,"$375,833","17,825 "
53:09.9,"$375,833","17,826 "
54:53.1,"$375,903","17,826 "
56:16.0,"$375,923","17,827 "
57:56.5,"$375,963","17,827 "
59:30.2,"$375,983","17,828 "
00:52.5,"$375,993","17,829 "
02:17.8,"$375,993","17,829 "
03:52.1,"$376,013","17,829 "
05:29.5,"$376,013","17,830 "
07:01.8,"$376,113","17,830 "
08:47.6,"$376,113","17,830 "
10:20.0,"$376,163","17,831 "
11:42.7,"$376,263","17,832 "
13:31.3,"$376,263","17,831 "
14:54.0,"$376,263","17,832 "
16:15.9,"$376,263","17,832 "
18:02.5,"$376,313","17,833 "
19:45.3,"$376,313","17,834 "
21:21.8,"$376,453","17,835 "
22:51.2,"$376,503","17,835 "
24:22.7,"$376,503","17,835 "
25:58.1,"$376,503","17,835 "
27:24.7,"$376,503","17,835 "
28:44.8,"$376,553","17,835 "
30:25.8,"$376,553","17,835 "
32:01.8,"$376,603","17,836 "
33:50.8,"$376,603","17,836 "
35:18.8,"$376,603","17,837 "
37:09.9,"$376,653","17,839 "
38:42.2,"$376,678","17,839 "
40:05.7,"$376,678","17,841 "
41:47.1,"$376,678","17,841 "
43:13.6,"$376,778","17,842 "
44:42.1,"$376,778","17,842 "
46:08.8,"$376,788","17,842 "
47:44.5,"$376,898","17,842 "
49:17.6,"$376,898","17,842 "
50:51.8,"$376,898","17,842 "
52:26.0,"$376,898","17,842 "
54:07.3,"$376,948","17,842 "
55:40.9,"$376,948","17,843 "
57:23.3,"$377,008","17,845 "
59:01.6,"$377,078","17,846 "
00:30.4,"$377,178","17,851 "
02:07.7,"$377,178","17,851 "
03:43.6,"$377,178","17,850 "
05:17.8,"$378,198","17,850 "
07:03.1,"$378,218","17,850 "
08:26.7,"$378,218","17,851 "
10:04.4,"$378,218","17,851 "
11:35.8,"$378,218","17,851 "
13:08.9,"$378,218","17,851 "
15:43.3,"$378,218","17,852 "
17:31.6,"$378,268","17,853 "
19:13.1,"$378,328","17,854 "
20:45.7,"$378,328","17,854 "
22:39.4,"$378,328","17,854 "
24:12.6,"$378,328","17,854 "
25:40.8,"$378,378","17,854 "
27:06.5,"$378,378","17,854 "
28:32.0,"$378,378","17,854 "
30:07.3,"$378,408","17,854 "
31:48.7,"$378,458","17,854 "
33:33.3,"$378,458","17,854 "
35:07.2,"$378,458","17,855 "
36:46.1,"$378,508","17,855 "
39:29.9,"$378,608","17,854 "
41:06.3,"$378,608","17,855 "
42:52.4,"$378,723","17,855 "
44:36.7,"$378,723","17,855 "
46:16.1,"$378,793","17,855 "
47:45.2,"$378,793","17,856 "
49:13.1,"$378,793","17,856 "
51:24.9,"$378,793","17,855 "
52:49.5,"$378,803","17,856 "
54:18.0,"$378,803","17,856 "
56:22.0,"$378,823","17,855 "
58:11.8,"$378,823","17,855 "
59:57.4,"$378,833","17,856 "
01:50.3,"$378,833","17,856 "
03:25.4,"$378,853","17,856 "
05:09.3,"$378,853","17,857 "
07:04.5,"$378,903","17,857 "
08:28.9,"$378,923","17,855 "
10:19.2,"$378,923","17,855 "
12:16.2,"$378,923","17,855 "
14:03.9,"$378,923","17,855 "
15:54.8,"$378,923","17,855 "
17:29.5,"$378,933","17,854 "
19:07.5,"$379,033","17,854 "
20:42.3,"$379,033","17,856 "
22:09.0,"$379,033","17,857 "
23:37.3,"$379,033","17,857 "
25:19.4,"$379,083","17,857 "
27:07.7,"$379,083","17,858 "
28:58.6,"$379,083","17,858 "
31:01.9,"$379,083","17,858 "
32:29.0,"$379,103","17,858 "
34:21.4,"$379,103","17,859 "
36:18.5,"$379,113","17,860 "
38:03.4,"$379,133","17,861 "
39:38.2,"$379,143","17,861 "
41:16.3,"$379,243","17,861 "
42:43.1,"$379,243","17,862 "
44:36.3,"$379,243","17,864 "
46:23.2,"$379,243","17,864 "
48:07.6,"$379,243","17,864 "
49:33.8,"$379,243","17,864 "
51:17.4,"$379,293","17,865 "
53:10.7,"$379,293","17,866 "
54:56.4,"$379,313","17,866 "
56:22.8,"$379,313","17,867 "
58:03.0,"$379,313","17,867 "
59:52.9,"$379,313","17,867 "
01:25.8,"$379,333","17,868 "
03:13.2,"$379,333","17,869 "
04:50.1,"$379,333","17,870 "
06:18.2,"$379,333","17,870 "
08:04.2,"$379,353","17,872 "
09:38.7,"$379,353","17,872 "
11:19.9,"$379,353","17,872 "
13:07.3,"$379,453","17,874 "
14:59.5,"$379,453","17,875 "
16:47.5,"$379,573","17,874 "
18:28.8,"$379,573","17,874 "
20:12.6,"$379,623","17,874 "
21:47.8,"$379,623","17,874 "
23:15.1,"$379,723","17,874 "
25:01.9,"$379,723","17,876 "
26:47.8,"$379,723","17,877 "
28:34.1,"$379,723","17,878 "
30:15.4,"$379,723","17,878 "
32:03.5,"$379,753","17,878 "
33:54.8,"$379,803","17,879 "
35:45.5,"$379,803","17,879 "
37:11.5,"$379,803","17,879 "
38:59.0,"$379,803","17,880 "
40:40.4,"$379,803","17,880 "
42:04.7,"$379,803","17,880 "
43:46.8,"$379,803","17,880 "
45:12.2,"$379,803","17,881 "
46:47.8,"$379,953","17,881 "
48:30.9,"$379,953","17,882 "
50:16.6,"$379,953","17,883 "
52:09.9,"$380,453","17,884 "
54:05.9,"$380,453","17,884 "
55:47.6,"$380,453","17,885 "
57:19.2,"$380,453","17,886 "
59:06.8,"$380,453","17,886 "
00:39.1,"$380,458","17,886 "
02:26.8,"$380,463","17,887 "
03:59.7,"$380,463","17,888 "
05:28.4,"$380,463","17,888 "
07:20.2,"$380,463","17,889 "
09:13.7,"$380,483","17,889 "
10:40.4,"$380,483","17,889 "
12:20.4,"$380,483","17,889 "
14:02.3,"$380,506","17,890 "
15:48.8,"$380,506","17,890 "
17:14.5,"$380,506","17,891 "
18:58.0,"$380,556","17,892 "
20:27.8,"$380,556","17,893 "
22:13.1,"$380,556","17,894 "
23:51.6,"$380,556","17,894 "
25:27.4,"$380,556","17,894 "
26:58.1,"$380,556","17,894 "
28:35.2,"$380,556","17,894 "
30:32.3,"$380,556","17,895 "
32:24.6,"$380,556","17,896 "
33:57.1,"$380,556","17,898 "
35:36.8,"$380,556","17,899 "
37:15.9,"$380,556","17,900 "
39:03.2,"$380,556","17,900 "
40:37.7,"$380,556","17,900 "
42:01.9,"$380,556","17,901 "
43:27.9,"$380,556","17,901 "
45:00.9,"$380,556","17,902 "
46:52.5,"$380,556","17,903 "
48:17.3,"$380,596","17,904 "
49:43.4,"$380,596","17,904 "
51:28.3,"$380,596","17,904 "
53:18.3,"$380,596","17,904 "
55:03.4,"$380,601","17,904 "
56:37.6,"$380,601","17,904 "
58:14.7,"$380,621","17,904 "
59:43.2,"$380,621","17,905 "
01:24.8,"$380,641","17,906 "
03:08.6,"$380,641","17,906 "
04:54.5,"$380,641","17,906 "
06:33.0,"$380,641","17,906 "
08:02.8,"$380,641","17,907 "
09:59.1,"$380,641","17,907 "
11:38.2,"$380,641","17,907 "
13:16.4,"$380,641","17,907 "
14:54.9,"$380,641","17,907 "
16:44.6,"$380,641","17,907 "
18:32.2,"$380,641","17,907 "
19:59.7,"$380,641","17,907 "
21:48.6,"$380,641","17,907 "
25:24.7,"$380,641","17,907 "
27:19.0,"$380,641","17,908 "
28:47.6,"$380,641","17,909 "
30:24.9,"$380,641","17,909 "
32:08.2,"$380,641","17,909 "
34:00.6,"$380,641","17,909 "
35:31.4,"$380,641","17,909 "
37:21.2,"$380,641","17,909 "
39:01.2,"$380,641","17,909 "
40:36.8,"$380,641","17,909 "
42:12.0,"$380,641","17,909 "
43:39.3,"$380,641","17,909 "
45:31.0,"$380,641","17,909 "
47:10.3,"$380,641","17,908 "
48:44.2,"$380,641","17,908 "
50:16.6,"$380,641","17,908 "
51:58.0,"$380,641","17,908 "
53:33.4,"$380,641","17,908 "
55:14.9,"$380,641","17,908 "
56:42.5,"$380,641","17,908 "
58:14.2,"$380,641","17,908 "
59:43.4,"$380,641","17,908 "
01:10.0,"$380,641","17,908 "
03:00.3,"$380,641","17,909 "
04:33.3,"$380,641","17,909 "
05:57.8,"$380,641","17,909 "
07:39.0,"$380,641","17,909 "
09:29.5,"$380,641","17,909 "
11:17.9,"$380,641","17,910 "
12:49.3,"$380,641","17,910 "
14:21.8,"$380,641","17,910 "
16:05.6,"$380,641","17,910 "
17:47.8,"$380,641","17,910 "
19:10.3,"$380,641","17,910 "
20:44.5,"$380,651","17,910 "
22:29.3,"$380,651","17,910 "
24:03.6,"$380,651","17,910 "
27:33.3,"$380,651","17,910 "
28:56.7,"$380,651","17,911 "
30:21.9,"$380,651","17,911 "
32:03.3,"$380,651","17,911 "
33:32.4,"$380,651","17,911 "
35:20.6,"$380,651","17,911 "
37:07.3,"$380,661","17,911 "
38:50.2,"$380,661","17,911 "
40:33.2,"$380,661","17,911 "
42:25.5,"$380,661","17,912 "
43:59.7,"$380,661","17,912 "
45:44.2,"$380,661","17,912 "
48:25.6,"$380,661","17,912 "
49:52.1,"$380,661","17,912 "
56:21.9,,
04:50.2,,
06:45.0,"$380,661","17,911 "
08:12.7,"$380,661","17,911 "
09:59.8,"$380,661","17,912 "
11:26.6,"$380,784","17,912 "
12:56.9,"$380,784","17,912 "
14:35.9,"$380,784","17,912 "
16:30.8,"$380,784","17,912 "
18:16.4,"$380,784","17,912 "
19:59.4,"$380,784","17,912 "
21:35.4,"$380,784","17,912 "
23:09.3,"$380,784","17,912 "
24:56.4,"$380,784","17,912 "
26:42.7,"$380,884","17,912 "
28:35.2,"$380,884","17,913 "
30:07.8,"$380,884","17,913 "
31:37.9,"$380,884","17,913 "
33:07.4,"$380,884","17,913 "
34:38.4,"$380,884","17,913 "
36:23.9,"$380,934","17,913 "
38:05.2,"$380,934","17,914 "
39:31.0,"$380,934","17,914 "
41:07.8,"$380,934","17,914 "
42:42.6,"$380,934","17,914 "
44:25.7,"$380,934","17,914 "
45:50.7,"$380,934","17,915 "
47:17.7,"$380,934","17,915 "
52:12.0,"$380,934","17,915 "
54:02.6,"$380,934","17,915 "
55:38.5,"$380,934","17,914 "
57:36.7,"$380,934","17,914 "
59:18.3,"$380,934","17,914 "
01:05.8,"$380,934","17,914 "
02:58.0,"$380,934","17,914 "
04:46.7,"$380,934","17,914 "
06:26.7,"$380,934","17,913 "
08:32.6,"$380,954","17,913 "
10:05.6,"$380,954","17,913 "
11:45.5,"$380,954","17,913 "
13:19.9,"$381,004","17,913 "
15:00.9,"$381,004","17,913 "
16:49.2,"$381,004","17,913 "
18:44.7,"$381,004","17,913 "
20:19.3,"$381,004","17,913 "
22:20.0,"$381,004","17,914 "
24:13.1,"$381,004","17,914 "
25:54.2,"$381,004","17,914 "
27:54.5,"$381,004","17,914 "
30:02.3,"$381,004","17,914 "
32:17.5,"$381,004","17,914 "
33:57.9,"$381,004","17,914 "
35:49.1,"$381,004","17,914 "
37:34.0,"$381,004","17,914 "
39:12.0,"$381,004","17,914 "
40:49.2,"$381,004","17,914 "
42:43.4,"$381,004","17,914 "
44:15.6,"$381,004","17,914 "
46:02.8,"$381,004","17,914 "
47:38.2,,
49:31.9,"$381,004","17,914 "
51:04.2,"$381,004","17,914 "
52:46.5,"$381,024","17,914 "
54:41.9,"$381,024","17,915 "
56:18.5,"$381,024","17,915 "
58:12.7,"$381,024","17,914 "
59:44.7,"$381,024","17,914 "
01:26.3,"$381,044","17,914 "
03:39.4,"$381,044","17,914 "
05:09.5,"$381,044","17,915 "
06:55.6,"$381,044","17,915 "
08:45.1,"$381,044","17,916 "
10:30.2,"$381,044","17,917 "
12:20.6,"$381,144","17,917 "
13:48.4,"$381,144","17,917 "
15:53.9,"$381,144","17,918 "
17:28.3,"$381,144","17,918 "
19:18.5,"$381,144","17,918 "
21:05.3,"$381,144","17,918 "
23:06.2,"$381,144","17,918 "
25:03.5,"$381,144","17,918 "
26:50.4,"$381,144","17,918 "
28:49.2,"$381,144","17,919 "
30:58.9,"$381,144","17,920 "
32:53.2,"$381,144","17,920 "
34:59.9,"$381,144","17,920 "
37:43.4,"$381,144","17,920 "
39:35.9,"$381,144","17,920 "
41:16.5,"$381,144","17,919 "
43:16.3,"$381,144","17,920 "
45:54.2,"$381,144","17,921 "
47:50.8,"$381,184","17,925 "
49:43.7,"$381,209","17,926 "
51:46.1,"$381,209","17,926 "
53:31.1,"$381,209","17,926 "
55:18.3,"$381,209","17,926 "
57:27.7,"$381,259","17,926 "
59:35.0,"$381,259","17,926 "
01:45.2,"$381,259","17,926 "
03:32.3,"$381,259","17,927 "
05:50.8,"$381,269","17,927 "
07:36.7,"$381,269","17,928 "
09:38.3,"$381,269","17,928 "
11:32.0,"$381,269","17,929 "
13:32.2,"$381,269","17,929 "
15:10.5,"$381,269","17,929 "
17:14.3,"$381,269","17,930 "
19:10.4,"$381,269","17,931 "
21:21.7,"$381,269","17,932 "
23:35.4,"$381,269","17,932 "
26:09.3,"$381,269","17,932 "
28:42.5,"$381,269","17,933 "
30:52.4,"$381,269","17,934 "
33:01.7,"$381,269","17,935 "
35:46.0,"$381,269","17,936 "
37:46.2,"$381,269","17,936 "
39:56.3,"$381,309","17,936 "
41:53.3,"$381,329","17,935 "
44:11.2,"$381,329","17,935 "
46:09.4,"$381,329","17,935 "
48:07.1,"$381,329","17,935 "
50:07.0,"$381,385","17,936 "
52:22.7,"$381,385","17,937 "
58:19.3,"$381,385","17,937 "
00:57.4,"$381,385","17,939 "
03:08.2,"$381,385","17,939 "
04:59.6,"$381,385","17,941 "
44:02.4,"$381,405","17,941 "
45:50.5,"$382,466","17,947 "
47:19.9,"$382,466","17,947 "
48:48.2,"$382,466","17,947 "
50:26.3,"$382,486","17,947 "
51:55.5,"$382,486","17,947 "
53:18.6,"$382,486","17,947 "
54:55.1,"$382,486","17,947 "
56:21.5,"$382,486","17,947 "
57:47.6,"$382,497","17,948 "
59:37.9,"$382,497","17,949 "
01:16.8,"$382,497","17,949 "
02:46.7,"$382,497","17,949 "
04:15.4,"$382,497","17,949 "
05:58.9,"$382,497","17,948 "
07:42.6,"$382,497","17,948 "
09:19.1,"$382,547","17,948 "
11:05.4,"$382,567","17,948 "
12:42.9,"$382,567","17,948 "
14:10.5,"$382,767","17,948 "
15:38.0,"$382,767","17,948 "
17:05.9,"$382,767","17,948 "
18:54.4,"$382,777","17,948 "
20:34.8,"$382,847","17,949 "
22:15.4,"$382,897","17,949 "
23:39.3,"$382,897","17,949 "
25:15.5,"$382,897","17,949 "
26:58.9,"$382,897","17,949 "
28:27.2,"$382,897","17,949 "
29:59.9,"$382,897","17,949 "
31:32.3,"$382,897","17,950 "
33:21.5,"$382,897","17,951 "
35:00.2,"$382,897","17,951 "
36:38.9,"$382,897","17,953 "
38:15.1,"$382,897","17,952 "
39:52.1,"$382,897","17,953 "
41:37.2,"$382,897","17,953 "
43:02.6,"$382,897","17,953 "
44:47.9,"$382,917","17,953 "
46:11.7,"$382,917","17,954 "
47:48.0,"$382,917","17,954 "
49:22.5,"$382,917","17,954 "
50:50.4,"$382,917","17,954 "
52:29.1,"$382,917","17,954 "
54:10.7,"$382,917","17,954 "
55:42.5,"$382,917","17,954 "
57:25.1,"$382,917","17,954 "
59:15.8,"$382,917","17,954 "
00:50.3,"$382,927","17,955 "
02:40.7,"$382,927","17,955 "
04:18.7,"$382,927","17,956 "
06:03.1,"$383,077","17,956 "
07:49.1,"$383,077","17,957 "
09:31.3,"$383,077","17,958 "
11:09.0,"$383,077","17,958 "
12:50.0,"$383,077","17,959 "
14:41.3,"$383,077","17,959 "
16:21.2,"$383,077","17,958 "
18:05.7,"$383,077","17,958 "
19:30.6,"$383,077","17,958 "
20:53.3,"$383,077","17,960 "
22:24.3,"$383,077","17,960 "
24:16.3,"$383,087","17,960 "
25:51.5,"$383,087","17,960 "
27:27.7,"$383,107","17,961 "
29:19.8,"$383,107","17,961 "
30:42.3,"$383,127","17,962 "
32:04.3,"$383,127","17,962 "
33:39.5,"$383,127","17,962 "
35:08.3,"$383,127","17,962 "
36:33.0,"$383,132","17,962 "
38:23.7,"$383,192","17,962 "
39:49.0,"$383,192","17,963 "
41:20.4,"$383,322","17,965 "
43:05.0,"$383,322","17,965 "
44:55.2,"$383,322","17,965 "
46:32.4,"$383,322","17,965 "
47:59.3,"$383,322","17,965 "
49:36.7,"$383,322","17,965 "
50:58.2,"$383,322","17,965 "
52:47.7,"$383,342","17,965 "
54:32.1,"$383,342","17,966 "
56:18.4,"$383,342","17,966 "
57:44.6,"$383,342","17,966 "
59:07.9,"$383,392","17,966 "
00:51.5,"$383,592","17,966 "
02:31.9,"$383,592","17,966 "
03:52.5,"$383,692","17,966 "
05:14.0,"$383,692","17,966 "
06:43.2,"$383,692","17,966 "
08:15.1,"$383,692","17,966 "
09:51.1,"$383,697","17,966 "
11:25.5,"$383,697","17,966 "
12:56.1,"$383,697","17,966 "
14:30.2,"$383,717","17,968 "
16:01.7,"$383,717","17,967 "
17:23.2,"$383,717","17,968 "
19:05.6,"$383,817","17,968 "
20:41.3,"$383,817","17,968 "
22:29.1,"$383,917","17,968 "
24:01.2,"$383,917","17,969 "
25:27.2,"$383,917","17,969 "
27:03.5,"$383,917","17,970 "
28:53.7,"$383,917","17,971 "
30:34.7,"$383,917","17,972 "
32:09.2,"$383,917","17,972 "
33:44.7,"$383,917","17,972 "
35:29.7,"$383,937","17,972 "
37:18.8,"$383,937","17,972 "
39:05.5,"$383,937","17,972 "
40:41.8,"$383,937","17,973 "
42:33.8,"$383,937","17,973 "
44:21.4,"$383,937","17,973 "
46:07.0,"$383,937","17,974 "
47:58.2,"$384,008","17,975 "
49:25.0,"$384,008","17,976 "
51:10.7,"$384,008","17,976 "
52:38.3,"$384,033","17,976 "
54:14.8,"$384,033","17,976 "
55:52.9,"$384,033","17,977 "
57:22.3,"$384,033","17,978 "
58:49.3,"$384,033","17,979 "
00:12.2,"$384,033","17,979 "
01:50.9,"$384,033","17,979 "
03:24.3,"$384,033","17,979 "
05:05.8,"$384,083","17,980 "
06:32.4,"$384,103","17,980 "
08:19.4,"$384,103","17,980 "
09:54.5,"$384,103","17,980 "
11:30.4,"$384,103","17,980 "
13:20.5,"$384,123","17,980 "
14:58.2,"$384,123","17,980 "
16:36.1,"$384,123","17,980 "
18:07.1,"$384,123","17,980 "
19:32.9,"$384,123","17,981 "
21:25.7,"$384,373","17,981 "
22:49.9,"$384,373","17,982 "
24:10.8,"$384,397","17,982 "
25:41.0,"$384,407","17,983 "
27:00.3,"$384,407","17,983 "
28:25.1,"$384,407","17,983 "
29:59.2,"$384,407","17,984 "
31:29.5,"$384,407","17,984 "
33:09.3,"$384,407","17,984 "
34:47.0,"$384,407","17,984 "
36:36.6,"$384,407","17,986 "
38:17.1,"$384,407","17,986 "
39:53.5,"$384,507","17,987 "
41:23.8,"$384,507","17,988 "
43:13.1,"$384,507","17,988 "
44:32.8,"$384,507","17,988 "
46:17.5,"$384,507","17,988 "
47:42.2,"$384,513","17,990 "
49:02.0,"$384,513","17,990 "
50:42.1,"$384,513","17,990 "
52:05.7,"$384,563","17,990 "
53:39.7,"$384,563","17,990 "
54:59.9,"$384,563","17,989 "
56:22.4,"$384,613","17,989 "
57:45.5,"$384,613","17,989 "
59:35.0,"$384,663","17,988 "
01:17.1,"$384,703","17,988 "
03:02.7,"$384,753","17,988 "
04:31.6,"$384,773","17,987 "
06:06.5,"$384,773","17,987 "
07:45.1,"$384,773","17,988 "
09:29.9,"$384,793","17,989 "
11:07.6,"$384,793","17,988 "
12:35.9,"$384,793","17,988 "
14:12.6,"$384,793","17,989 "
15:51.0,"$384,793","17,989 "
17:39.5,"$384,793","17,989 "
19:25.5,"$384,793","17,991 "
21:13.1,"$384,793","17,991 "
22:56.6,"$385,063","17,991 "
24:42.1,"$385,063","17,991 "
26:08.2,"$385,063","17,991 "
27:45.8,"$385,063","17,991 "
29:18.8,"$385,063","17,991 "
30:54.9,"$385,063","17,992 "
36:16.7,"$385,063","17,992 "
37:53.7,"$385,063","17,993 "
39:15.7,"$385,063","17,993 "
40:56.5,"$385,083","17,993 "
42:29.4,"$385,133","17,993 "
44:07.0,"$385,233","17,993 "
45:48.3,"$385,233","17,994 "
47:10.7,"$385,233","17,995 "
48:36.0,"$385,233","17,995 "
50:13.5,"$385,283","17,995 "
52:05.0,"$385,283","17,995 "
53:35.2,"$385,303","17,995 "
55:13.6,"$385,303","17,996 "
56:41.2,"$385,303","17,996 "
58:22.3,"$385,323","17,995 "
00:00.1,"$385,343","17,995 "
01:38.5,"$385,343","17,995 "
03:12.0,"$385,343","17,996 "
04:52.7,"$385,343","17,996 "
06:13.0,"$385,343","17,996 "
07:56.6,"$385,413","17,997 "
09:44.2,"$385,413","17,997 "
11:20.9,"$385,413","17,999 "
12:43.1,"$385,413","18,000 "
14:03.7,"$385,413","18,000 "
15:46.5,"$385,433","18,000 "
17:21.6,"$385,453","18,001 "
19:04.0,"$385,523","18,001 "
20:42.4,"$385,523","18,002 "
22:29.6,"$385,523","18,002 "
24:07.3,"$385,623","18,003 "
25:47.1,"$385,623","18,003 "
27:29.7,"$385,623","18,003 "
28:52.2,"$385,643","18,003 "
30:33.1,"$385,663","18,003 "
32:18.7,"$385,663","18,003 "
33:58.8,"$385,663","18,004 "
35:34.5,"$385,663","18,005 "
36:58.6,"$385,663","18,005 "
38:39.1,"$385,663","18,005 "
40:31.2,"$385,663","18,005 "
41:59.7,"$385,663","18,004 "
43:40.4,"$385,716","18,004 "
45:25.4,"$385,736","18,006 "
47:09.0,"$385,756","18,008 "
48:44.9,"$385,776","18,010 "
50:10.1,"$385,776","18,010 "
51:58.5,"$385,796","18,010 "
53:38.9,"$385,796","18,009 "
55:27.2,"$385,796","18,010 "
57:08.6,"$385,796","18,010 "
59:01.4,"$385,796","18,010 "
00:20.8,"$385,816","18,010 "
01:58.2,"$385,866","18,010 "
03:31.6,"$385,866","18,011 "
05:17.7,"$385,866","18,010 "
06:54.5,"$385,916","18,011 "
08:40.7,"$385,916","18,012 "
10:22.0,"$385,966","18,012 "
11:42.6,"$385,966","18,012 "
13:24.5,"$385,966","18,012 "
14:54.6,"$385,986","18,012 "
16:28.3,"$385,996","18,012 "
18:04.4,"$385,996","18,013 "
19:53.1,"$386,036","18,014 "
21:37.7,"$386,036","18,015 "
23:07.4,"$386,036","18,015 "
24:29.3,"$386,036","18,015 "
25:55.9,"$386,036","18,015 "
27:27.0,"$386,036","18,017 "
29:18.6,"$386,036","18,017 "
30:43.4,"$386,036","18,018 "
32:27.8,"$386,036","18,018 "
33:51.6,"$386,086","18,018 "
40:47.2,"$386,096","18,021 "
42:47.2,"$386,196","18,021 "
44:33.9,"$386,196","18,023 "
46:28.5,"$386,196","18,024 "
48:09.1,"$386,196","18,025 "
49:55.5,"$386,246","18,026 "
51:39.3,"$386,246","18,026 "
53:13.2,"$386,246","18,026 "
55:13.3,"$386,296","18,027 "
57:09.3,"$386,296","18,027 "
59:00.0,"$386,316","18,027 "
00:36.0,"$386,316","18,027 "
02:23.9,"$386,316","18,028 "
04:17.3,"$386,316","18,028 "
05:48.7,"$386,316","18,027 "
07:21.4,"$386,316","18,027 "
09:12.0,"$386,316","18,027 "
10:47.0,"$386,316","18,028 "
12:29.2,"$386,316","18,028 "
14:16.9,"$386,326","18,028 "
15:59.0,"$386,326","18,028 "
17:27.9,"$386,326","18,028 "
19:03.6,"$386,326","18,028 "
20:55.8,"$386,326","18,028 "
22:31.2,"$386,336","18,028 "
24:16.0,"$386,536","18,029 "
26:03.6,"$386,556","18,029 "
27:28.5,"$386,606","18,030 "
29:17.1,"$386,611","18,031 "
32:04.1,"$386,631","18,031 "
06:40.3,,
08:21.4,,
09:47.2,,
11:03.9,,
12:36.2,,
14:20.7,,
15:47.5,,
17:11.8,,
18:57.7,,
20:32.2,,
22:08.8,,
23:41.5,,
25:21.2,,
26:52.6,,
28:09.0,,
29:52.7,,
31:31.2,,
33:14.8,,
35:00.6,,
36:28.3,,
38:06.6,,
39:25.5,,
40:58.6,,
42:31.5,,
44:04.5,,
45:35.1,,
46:56.9,,
48:26.2,,
50:06.8,,
51:24.7,,
52:49.0,,
54:24.2,,
55:49.1,,
57:25.5,,
01:28.3,"$387,406","18,045 "
06:05.3,"$387,406",
09:56.8,"$387,417","18,046 "
14:45.3,"$387,437","18,047 "
17:00.0,"$387,437","18,051 "
29:11.6,"$387,557","18,051 "
31:27.7,"$387,557","18,051 "
33:27.1,"$387,607","18,051 "
35:15.6,"$387,627","18,051 "
37:27.2,"$387,627","18,051 "
39:03.8,"$387,627","18,051 "
40:44.9,"$387,627","18,051 "
42:21.9,"$387,627","18,051 "
44:54.2,"$387,627","18,051 "
47:35.1,"$387,627","18,051 "
49:29.2,"$387,877","18,051 "
52:59.5,"$387,882","18,051 "
54:44.7,"$387,932","18,051 "
56:44.4,"$387,932","18,051 "
58:29.3,"$387,932","18,051 "
00:42.9,"$387,932","18,051 "
03:24.2,"$387,932","18,051 "
13:30.1,"$387,932","18,052 "
19:01.1,"$388,322","18,054 "
22:57.2,"$388,412","18,058 "
39:10.2,"$388,462","18,058 "
41:19.2,"$395,985","18,227 "
42:52.2,"$395,995","18,227 "
44:33.5,"$395,995","18,227 "
46:27.5,"$395,995","18,227 "
48:14.6,"$395,995","18,227 "
49:52.7,"$395,995","18,227 "
51:25.2,"$395,995","18,227 "
53:10.7,"$395,995","18,227 "
54:34.4,"$395,995","18,227 "
56:12.5,"$395,995","18,227 "
57:48.7,"$395,995","18,227 "
59:21.7,"$395,995","18,227 "
00:47.9,"$395,995","18,227 "
02:39.5,"$395,995","18,227 "
04:22.8,"$395,995","18,227 "
05:55.5,"$395,995","18,227 "
07:19.6,"$395,995","18,227 "
09:08.5,"$395,995","18,227 "
10:49.1,"$395,995","18,227 "
12:35.3,"$395,995","18,227 "
14:09.8,"$395,995","18,227 "
15:46.1,"$395,995","18,227 "
17:17.8,"$395,995","18,227 "
18:59.6,"$395,995","18,227 "
20:49.3,"$395,995","18,227 "
22:32.4,"$395,995","18,227 "
24:14.9,"$395,995","18,227 "
26:01.1,"$395,995","18,227 "
27:38.9,"$395,995","18,227 "
29:18.5,"$395,995","18,227 "
31:05.1,"$395,995","18,227 "
32:35.4,"$395,995","18,227 "
34:01.6,"$395,995","18,227 "
35:24.0,"$395,995","18,227 "
37:00.5,"$395,995","18,227 "
38:49.3,"$395,995","18,227 "
40:25.7,"$395,995","18,227 "
42:14.1,"$395,995","18,227 "
43:50.5,"$395,995","18,228 "
45:26.6,"$395,995","18,228 "
47:09.8,"$396,005","18,228 "
48:34.2,"$396,005","18,228 "
50:07.5,"$396,005","18,228 "
51:29.1,"$396,005","18,228 "
52:56.9,"$396,005","18,228 "
54:45.2,"$396,005","18,228 "
56:26.0,"$396,005","18,228 "
57:54.1,"$396,005","18,228 "
59:25.6,"$396,005","18,228 "
00:58.9,"$396,005","18,228 "
02:47.5,"$396,005","18,229 "
04:32.4,"$396,005","18,230 "
06:00.1,"$396,005","18,230 "
07:35.1,"$396,005","18,230 "
09:08.0,"$396,005","18,229 "
10:44.2,"$396,005","18,229 "
12:10.0,"$396,005","18,229 "
13:59.4,"$396,005","18,229 "
15:47.8,"$396,005","18,229 "
17:25.4,"$396,005","18,229 "
19:12.3,"$396,005","18,229 "
20:58.8,"$396,005","18,230 "
22:40.7,"$396,005","18,230 "
24:26.3,"$396,005","18,230 "
25:52.9,"$396,005","18,230 "
27:43.4,"$396,005","18,230 "
29:34.3,"$396,025","18,230 "
31:25.7,"$396,035","18,230 "
32:56.3,"$396,035","18,230 "
34:26.9,"$396,235","18,230 "
36:11.6,"$396,235","18,230 "
37:59.8,"$396,235","18,230 "
39:52.6,"$396,235","18,230 "
41:42.5,"$396,235","18,229 "
43:18.2,"$396,235","18,229 "
44:43.8,"$396,235","18,229 "
46:18.5,"$396,235","18,229 "
47:55.0,"$396,235","18,229 "
49:34.7,"$396,235","18,229 "
50:58.2,"$396,235","18,229 "
52:33.0,"$396,235","18,229 "
54:20.1,"$396,235","18,229 "
55:49.1,"$396,235","18,229 "
57:31.0,"$396,235","18,229 "
08:31.6,,
31:44.5,,
43:59.8,,
57:31.0,,
16:22.1,,
35:05.3,,
58:58.2,,
12:13.3,,
23:16.6,,
49:41.8,,
01:50.8,,
14:56.5,,
28:01.9,,
03:05.5,,
24:17.4,,
49:50.9,,
05:25.2,,
20:51.7,,
35:22.8,,
51:56.3,,
16:15.2,,
26:05.1,,
41:44.2,,
52:57.4,,
21:12.1,,
33:47.4,,
44:46.7,,
55:51.0,,
10:24.0,,
31:32.5,,
45:33.5,,
56:35.6,,
07:47.3,,
50:02.1,,
52:13.4,"$397,515","18,227 "
53:57.3,"$397,515","18,227 "
55:52.8,"$397,515","18,227 "
57:35.8,"$397,515","18,227 "
59:26.0,"$397,565","18,228 "
01:14.6,"$397,565","18,228 "
02:44.8,"$397,565","18,228 "
04:20.2,"$397,565","18,228 "
05:48.6,"$397,565","18,228 "
07:38.2,"$397,565","18,228 "
09:33.6,"$397,565","18,228 "
11:16.9,"$397,565","18,228 "
13:16.9,"$397,565","18,228 "
15:05.0,"$397,565","18,229 "
16:48.3,"$397,565","18,229 "
18:31.3,"$397,565","18,229 "
20:09.5,"$397,565","18,229 "
22:00.8,"$397,565","18,229 "
23:55.8,"$397,565","18,229 "
25:31.4,"$397,565","18,229 "
27:04.1,"$397,565","18,229 "
29:00.8,"$397,565","18,229 "
30:40.3,"$397,565","18,229 "
32:09.9,"$397,565","18,229 "
33:49.6,"$397,565","18,228 "
35:28.3,"$397,565","18,228 "
44:48.6,"$397,565","18,228 "
46:51.5,"$397,565","18,228 "
51:02.8,,
52:58.0,"$397,565","18,229 "
54:44.9,"$397,565","18,229 "
56:19.3,"$397,565","18,229 "
57:53.8,"$397,565","18,229 "
59:37.5,"$397,565","18,229 "
01:06.9,"$397,565","18,229 "
02:53.9,"$397,565","18,229 "
04:43.5,"$397,565","18,229 "
06:16.5,"$397,565","18,229 "
08:00.6,"$397,565","18,229 "
09:31.2,"$397,565","18,229 "
11:04.7,"$397,565","18,229 "
12:34.2,"$397,565","18,229 "
14:25.7,"$397,585","18,229 "
15:56.0,"$397,585","18,229 "
17:30.9,"$397,585","18,229 "
19:05.7,"$397,585","18,229 "
20:45.6,"$397,585","18,229 "
22:20.4,"$397,585","18,229 "
23:53.1,"$397,585","18,229 "
25:27.9,"$397,585","18,229 "
27:04.0,"$397,585","18,229 "
28:28.0,"$397,585","18,229 "
30:08.8,"$397,585","18,229 "
31:52.9,"$397,585","18,229 "
33:18.1,"$397,585","18,229 "